"V1","V2"
"ASB10","FAM186A"
"ASB10","PLIN4"
"ASB10","PLEKHA4"
"ASB10","SH3PXD2B"
"ASB10","EPS8"
"ASB10","IP6K3"
"ASB10","MYO15B"
"ASB10","BLK"
"ASB10","SPTA1"
"ASB10","RADIL"
"ASB10","MROH2B"
"ASB10","TLN2"
"ASB10","CLIP2"
"ASB10","WNK1"
"ASB10","CFAP57"
"ASB10","LMO7"
"ASB10","SHROOM3"
"ASB10","ALG2"
"ASB10","CHAT"
"ASB10","DOK7"
"ASB10","MUSK"
"ASB10","MYO9A"
"ASB10","RAPSN"
"ASB10","MICAL2"
"ASB10","DUSP14"
"FAM186A","PLIN4"
"FAM186A","PLEKHA4"
"FAM186A","SH3PXD2B"
"FAM186A","EPS8"
"FAM186A","IP6K3"
"FAM186A","MYO15B"
"FAM186A","BLK"
"FAM186A","SPTA1"
"FAM186A","RADIL"
"FAM186A","MROH2B"
"FAM186A","TLN2"
"FAM186A","CLIP2"
"FAM186A","WNK1"
"FAM186A","CFAP57"
"FAM186A","LMO7"
"FAM186A","SHROOM3"
"FAM186A","ALG2"
"FAM186A","CHAT"
"FAM186A","DOK7"
"FAM186A","MUSK"
"FAM186A","MYO9A"
"FAM186A","RAPSN"
"FAM186A","MICAL2"
"FAM186A","DUSP14"
"PLIN4","PLEKHA4"
"PLIN4","SH3PXD2B"
"PLIN4","EPS8"
"PLIN4","IP6K3"
"PLIN4","MYO15B"
"PLIN4","BLK"
"PLIN4","SPTA1"
"PLIN4","RADIL"
"PLIN4","MROH2B"
"PLIN4","TLN2"
"PLIN4","CLIP2"
"PLIN4","WNK1"
"PLIN4","CFAP57"
"PLIN4","LMO7"
"PLIN4","SHROOM3"
"PLIN4","ALG2"
"PLIN4","CHAT"
"PLIN4","DOK7"
"PLIN4","MUSK"
"PLIN4","MYO9A"
"PLIN4","RAPSN"
"PLIN4","MICAL2"
"PLIN4","DUSP14"
"PLEKHA4","SH3PXD2B"
"PLEKHA4","EPS8"
"PLEKHA4","IP6K3"
"PLEKHA4","MYO15B"
"PLEKHA4","BLK"
"PLEKHA4","SPTA1"
"PLEKHA4","RADIL"
"PLEKHA4","MROH2B"
"PLEKHA4","TLN2"
"PLEKHA4","CLIP2"
"PLEKHA4","WNK1"
"PLEKHA4","CFAP57"
"PLEKHA4","LMO7"
"PLEKHA4","SHROOM3"
"PLEKHA4","ALG2"
"PLEKHA4","CHAT"
"PLEKHA4","DOK7"
"PLEKHA4","MUSK"
"PLEKHA4","MYO9A"
"PLEKHA4","RAPSN"
"PLEKHA4","MICAL2"
"PLEKHA4","DUSP14"
"SH3PXD2B","EPS8"
"SH3PXD2B","IP6K3"
"SH3PXD2B","MYO15B"
"SH3PXD2B","BLK"
"SH3PXD2B","SPTA1"
"SH3PXD2B","RADIL"
"SH3PXD2B","MROH2B"
"SH3PXD2B","TLN2"
"SH3PXD2B","CLIP2"
"SH3PXD2B","WNK1"
"SH3PXD2B","CFAP57"
"SH3PXD2B","LMO7"
"SH3PXD2B","SHROOM3"
"SH3PXD2B","ALG2"
"SH3PXD2B","CHAT"
"SH3PXD2B","DOK7"
"SH3PXD2B","MUSK"
"SH3PXD2B","MYO9A"
"SH3PXD2B","RAPSN"
"SH3PXD2B","MICAL2"
"SH3PXD2B","DUSP14"
"EPS8","IP6K3"
"EPS8","MYO15B"
"EPS8","BLK"
"EPS8","SPTA1"
"EPS8","RADIL"
"EPS8","MROH2B"
"EPS8","TLN2"
"EPS8","CLIP2"
"EPS8","WNK1"
"EPS8","CFAP57"
"EPS8","LMO7"
"EPS8","SHROOM3"
"EPS8","ALG2"
"EPS8","CHAT"
"EPS8","DOK7"
"EPS8","MUSK"
"EPS8","MYO9A"
"EPS8","RAPSN"
"EPS8","MICAL2"
"EPS8","DUSP14"
"IP6K3","MYO15B"
"IP6K3","BLK"
"IP6K3","SPTA1"
"IP6K3","RADIL"
"IP6K3","MROH2B"
"IP6K3","TLN2"
"IP6K3","CLIP2"
"IP6K3","WNK1"
"IP6K3","CFAP57"
"IP6K3","LMO7"
"IP6K3","SHROOM3"
"IP6K3","ALG2"
"IP6K3","CHAT"
"IP6K3","DOK7"
"IP6K3","MUSK"
"IP6K3","MYO9A"
"IP6K3","RAPSN"
"IP6K3","MICAL2"
"IP6K3","DUSP14"
"MYO15B","BLK"
"MYO15B","SPTA1"
"MYO15B","RADIL"
"MYO15B","MROH2B"
"MYO15B","TLN2"
"MYO15B","CLIP2"
"MYO15B","WNK1"
"MYO15B","CFAP57"
"MYO15B","LMO7"
"MYO15B","SHROOM3"
"MYO15B","ALG2"
"MYO15B","CHAT"
"MYO15B","DOK7"
"MYO15B","MUSK"
"MYO15B","MYO9A"
"MYO15B","RAPSN"
"MYO15B","MICAL2"
"MYO15B","DUSP14"
"BLK","SPTA1"
"BLK","RADIL"
"BLK","MROH2B"
"BLK","TLN2"
"BLK","CLIP2"
"BLK","WNK1"
"BLK","CFAP57"
"BLK","LMO7"
"BLK","SHROOM3"
"BLK","ALG2"
"BLK","CHAT"
"BLK","DOK7"
"BLK","MUSK"
"BLK","MYO9A"
"BLK","RAPSN"
"BLK","MICAL2"
"BLK","DUSP14"
"SPTA1","RADIL"
"SPTA1","MROH2B"
"SPTA1","TLN2"
"SPTA1","CLIP2"
"SPTA1","WNK1"
"SPTA1","CFAP57"
"SPTA1","LMO7"
"SPTA1","SHROOM3"
"SPTA1","ALG2"
"SPTA1","CHAT"
"SPTA1","DOK7"
"SPTA1","MUSK"
"SPTA1","MYO9A"
"SPTA1","RAPSN"
"SPTA1","MICAL2"
"SPTA1","DUSP14"
"RADIL","MROH2B"
"RADIL","TLN2"
"RADIL","CLIP2"
"RADIL","WNK1"
"RADIL","CFAP57"
"RADIL","LMO7"
"RADIL","SHROOM3"
"RADIL","ALG2"
"RADIL","CHAT"
"RADIL","DOK7"
"RADIL","MUSK"
"RADIL","MYO9A"
"RADIL","RAPSN"
"RADIL","MICAL2"
"RADIL","DUSP14"
"MROH2B","TLN2"
"MROH2B","CLIP2"
"MROH2B","WNK1"
"MROH2B","CFAP57"
"MROH2B","LMO7"
"MROH2B","SHROOM3"
"MROH2B","ALG2"
"MROH2B","CHAT"
"MROH2B","DOK7"
"MROH2B","MUSK"
"MROH2B","MYO9A"
"MROH2B","RAPSN"
"MROH2B","MICAL2"
"MROH2B","DUSP14"
"TLN2","CLIP2"
"TLN2","WNK1"
"TLN2","CFAP57"
"TLN2","LMO7"
"TLN2","SHROOM3"
"TLN2","ALG2"
"TLN2","CHAT"
"TLN2","DOK7"
"TLN2","MUSK"
"TLN2","MYO9A"
"TLN2","RAPSN"
"TLN2","MICAL2"
"TLN2","DUSP14"
"CLIP2","WNK1"
"CLIP2","CFAP57"
"CLIP2","LMO7"
"CLIP2","SHROOM3"
"CLIP2","ALG2"
"CLIP2","CHAT"
"CLIP2","DOK7"
"CLIP2","MUSK"
"CLIP2","MYO9A"
"CLIP2","RAPSN"
"CLIP2","MICAL2"
"CLIP2","DUSP14"
"WNK1","CFAP57"
"WNK1","LMO7"
"WNK1","SHROOM3"
"WNK1","ALG2"
"WNK1","CHAT"
"WNK1","DOK7"
"WNK1","MUSK"
"WNK1","MYO9A"
"WNK1","RAPSN"
"WNK1","MICAL2"
"WNK1","DUSP14"
"CFAP57","LMO7"
"CFAP57","SHROOM3"
"CFAP57","ALG2"
"CFAP57","CHAT"
"CFAP57","DOK7"
"CFAP57","MUSK"
"CFAP57","MYO9A"
"CFAP57","RAPSN"
"CFAP57","MICAL2"
"CFAP57","DUSP14"
"LMO7","SHROOM3"
"LMO7","ALG2"
"LMO7","CHAT"
"LMO7","DOK7"
"LMO7","MUSK"
"LMO7","MYO9A"
"LMO7","RAPSN"
"LMO7","MICAL2"
"LMO7","DUSP14"
"SHROOM3","ALG2"
"SHROOM3","CHAT"
"SHROOM3","DOK7"
"SHROOM3","MUSK"
"SHROOM3","MYO9A"
"SHROOM3","RAPSN"
"SHROOM3","MICAL2"
"SHROOM3","DUSP14"
"ALG2","CHAT"
"ALG2","DOK7"
"ALG2","MUSK"
"ALG2","MYO9A"
"ALG2","RAPSN"
"ALG2","MICAL2"
"ALG2","DUSP14"
"CHAT","DOK7"
"CHAT","MUSK"
"CHAT","MYO9A"
"CHAT","RAPSN"
"CHAT","MICAL2"
"CHAT","DUSP14"
"DOK7","MUSK"
"DOK7","MYO9A"
"DOK7","RAPSN"
"DOK7","MICAL2"
"DOK7","DUSP14"
"MUSK","MYO9A"
"MUSK","RAPSN"
"MUSK","MICAL2"
"MUSK","DUSP14"
"MYO9A","RAPSN"
"MYO9A","MICAL2"
"MYO9A","DUSP14"
"RAPSN","MICAL2"
"RAPSN","DUSP14"
"MICAL2","DUSP14"
"DNAH8","KRT6A"
"DNAH8","MKI67"
"DNAH8","MAP1A"
"DNAH8","SFI1"
"DNAH8","TMTC1"
"DNAH8","MTUS1"
"DNAH8","PDE4DIP"
"DNAH8","PPP2R3A"
"DNAH8","ZNF836"
"DNAH8","FYB2"
"DNAH8","KRT23"
"DNAH8","LURAP1"
"DNAH8","NUMA1"
"DNAH8","ZNF343"
"DNAH8","DNAH11"
"DNAH8","LRGUK"
"KRT6A","MKI67"
"KRT6A","MAP1A"
"KRT6A","SFI1"
"KRT6A","TMTC1"
"KRT6A","MTUS1"
"KRT6A","PDE4DIP"
"KRT6A","PPP2R3A"
"KRT6A","ZNF836"
"KRT6A","FYB2"
"KRT6A","KRT23"
"KRT6A","LURAP1"
"KRT6A","NUMA1"
"KRT6A","ZNF343"
"KRT6A","DNAH11"
"KRT6A","LRGUK"
"MKI67","MAP1A"
"MKI67","SFI1"
"MKI67","TMTC1"
"MKI67","MTUS1"
"MKI67","PDE4DIP"
"MKI67","PPP2R3A"
"MKI67","ZNF836"
"MKI67","FYB2"
"MKI67","KRT23"
"MKI67","LURAP1"
"MKI67","NUMA1"
"MKI67","ZNF343"
"MKI67","DNAH11"
"MKI67","LRGUK"
"MAP1A","SFI1"
"MAP1A","TMTC1"
"MAP1A","MTUS1"
"MAP1A","PDE4DIP"
"MAP1A","PPP2R3A"
"MAP1A","ZNF836"
"MAP1A","FYB2"
"MAP1A","KRT23"
"MAP1A","LURAP1"
"MAP1A","NUMA1"
"MAP1A","ZNF343"
"MAP1A","DNAH11"
"MAP1A","LRGUK"
"SFI1","TMTC1"
"SFI1","MTUS1"
"SFI1","PDE4DIP"
"SFI1","PPP2R3A"
"SFI1","ZNF836"
"SFI1","FYB2"
"SFI1","KRT23"
"SFI1","LURAP1"
"SFI1","NUMA1"
"SFI1","ZNF343"
"SFI1","DNAH11"
"SFI1","LRGUK"
"TMTC1","MTUS1"
"TMTC1","PDE4DIP"
"TMTC1","PPP2R3A"
"TMTC1","ZNF836"
"TMTC1","FYB2"
"TMTC1","KRT23"
"TMTC1","LURAP1"
"TMTC1","NUMA1"
"TMTC1","ZNF343"
"TMTC1","DNAH11"
"TMTC1","LRGUK"
"MTUS1","PDE4DIP"
"MTUS1","PPP2R3A"
"MTUS1","ZNF836"
"MTUS1","FYB2"
"MTUS1","KRT23"
"MTUS1","LURAP1"
"MTUS1","NUMA1"
"MTUS1","ZNF343"
"MTUS1","DNAH11"
"MTUS1","LRGUK"
"PDE4DIP","PPP2R3A"
"PDE4DIP","ZNF836"
"PDE4DIP","FYB2"
"PDE4DIP","KRT23"
"PDE4DIP","LURAP1"
"PDE4DIP","NUMA1"
"PDE4DIP","ZNF343"
"PDE4DIP","DNAH11"
"PDE4DIP","LRGUK"
"PPP2R3A","ZNF836"
"PPP2R3A","FYB2"
"PPP2R3A","KRT23"
"PPP2R3A","LURAP1"
"PPP2R3A","NUMA1"
"PPP2R3A","ZNF343"
"PPP2R3A","DNAH11"
"PPP2R3A","LRGUK"
"ZNF836","FYB2"
"ZNF836","KRT23"
"ZNF836","LURAP1"
"ZNF836","NUMA1"
"ZNF836","ZNF343"
"ZNF836","DNAH11"
"ZNF836","LRGUK"
"FYB2","KRT23"
"FYB2","LURAP1"
"FYB2","NUMA1"
"FYB2","ZNF343"
"FYB2","DNAH11"
"FYB2","LRGUK"
"KRT23","LURAP1"
"KRT23","NUMA1"
"KRT23","ZNF343"
"KRT23","DNAH11"
"KRT23","LRGUK"
"LURAP1","NUMA1"
"LURAP1","ZNF343"
"LURAP1","DNAH11"
"LURAP1","LRGUK"
"NUMA1","ZNF343"
"NUMA1","DNAH11"
"NUMA1","LRGUK"
"ZNF343","DNAH11"
"ZNF343","LRGUK"
"DNAH11","LRGUK"
"TTLL3","ACAD10"
"TTLL3","DGLUCY"
"TTLL3","CCDC171"
"TTLL3","LMAN1L"
"TTLL3","TXNDC2"
"TTLL3","BMS1"
"TTLL3","HYI"
"TTLL3","NOL8"
"TTLL3","ZNF469"
"TTLL3","LRRFIP1"
"TTLL3","DDX55"
"TTLL3","DNAH10"
"TTLL3","DPYD"
"TTLL3","FAT4"
"TTLL3","AMDHD1"
"TTLL3","ARMC5"
"TTLL3","FASN"
"TTLL3","INF2"
"TTLL3","CFAP46"
"TTLL3","CLTCL1"
"TTLL3","FNIP2"
"TTLL3","ELP1"
"TTLL3","LARP7"
"TTLL3","SEC16A"
"TTLL3","ALG14"
"TTLL3","DPAGT1"
"TTLL3","GFPT1"
"TTLL3","GMPPB"
"TTLL3","SLC25A1"
"TTLL3","PDPR"
"TTLL3","AATF"
"TTLL3","MRM1"
"TTLL3","MYO19"
"TTLL3","DDX52"
"TTLL3","FGGY"
"TTLL3","ANXA2R"
"TTLL3","SELENOW"
"ACAD10","DGLUCY"
"ACAD10","CCDC171"
"ACAD10","LMAN1L"
"ACAD10","TXNDC2"
"ACAD10","BMS1"
"ACAD10","HYI"
"ACAD10","NOL8"
"ACAD10","ZNF469"
"ACAD10","LRRFIP1"
"ACAD10","DDX55"
"ACAD10","DNAH10"
"ACAD10","DPYD"
"ACAD10","FAT4"
"ACAD10","AMDHD1"
"ACAD10","ARMC5"
"ACAD10","FASN"
"ACAD10","INF2"
"ACAD10","CFAP46"
"ACAD10","CLTCL1"
"ACAD10","FNIP2"
"ACAD10","ELP1"
"ACAD10","LARP7"
"ACAD10","SEC16A"
"ACAD10","ALG14"
"ACAD10","DPAGT1"
"ACAD10","GFPT1"
"ACAD10","GMPPB"
"ACAD10","SLC25A1"
"ACAD10","PDPR"
"ACAD10","AATF"
"ACAD10","MRM1"
"ACAD10","MYO19"
"ACAD10","DDX52"
"ACAD10","FGGY"
"ACAD10","ANXA2R"
"ACAD10","SELENOW"
"DGLUCY","CCDC171"
"DGLUCY","LMAN1L"
"DGLUCY","TXNDC2"
"DGLUCY","BMS1"
"DGLUCY","HYI"
"DGLUCY","NOL8"
"DGLUCY","ZNF469"
"DGLUCY","LRRFIP1"
"DGLUCY","DDX55"
"DGLUCY","DNAH10"
"DGLUCY","DPYD"
"DGLUCY","FAT4"
"DGLUCY","AMDHD1"
"DGLUCY","ARMC5"
"DGLUCY","FASN"
"DGLUCY","INF2"
"DGLUCY","CFAP46"
"DGLUCY","CLTCL1"
"DGLUCY","FNIP2"
"DGLUCY","ELP1"
"DGLUCY","LARP7"
"DGLUCY","SEC16A"
"DGLUCY","ALG14"
"DGLUCY","DPAGT1"
"DGLUCY","GFPT1"
"DGLUCY","GMPPB"
"DGLUCY","SLC25A1"
"DGLUCY","PDPR"
"DGLUCY","AATF"
"DGLUCY","MRM1"
"DGLUCY","MYO19"
"DGLUCY","DDX52"
"DGLUCY","FGGY"
"DGLUCY","ANXA2R"
"DGLUCY","SELENOW"
"CCDC171","LMAN1L"
"CCDC171","TXNDC2"
"CCDC171","BMS1"
"CCDC171","HYI"
"CCDC171","NOL8"
"CCDC171","ZNF469"
"CCDC171","LRRFIP1"
"CCDC171","DDX55"
"CCDC171","DNAH10"
"CCDC171","DPYD"
"CCDC171","FAT4"
"CCDC171","AMDHD1"
"CCDC171","ARMC5"
"CCDC171","FASN"
"CCDC171","INF2"
"CCDC171","CFAP46"
"CCDC171","CLTCL1"
"CCDC171","FNIP2"
"CCDC171","ELP1"
"CCDC171","LARP7"
"CCDC171","SEC16A"
"CCDC171","ALG14"
"CCDC171","DPAGT1"
"CCDC171","GFPT1"
"CCDC171","GMPPB"
"CCDC171","SLC25A1"
"CCDC171","PDPR"
"CCDC171","AATF"
"CCDC171","MRM1"
"CCDC171","MYO19"
"CCDC171","DDX52"
"CCDC171","FGGY"
"CCDC171","ANXA2R"
"CCDC171","SELENOW"
"LMAN1L","TXNDC2"
"LMAN1L","BMS1"
"LMAN1L","HYI"
"LMAN1L","NOL8"
"LMAN1L","ZNF469"
"LMAN1L","LRRFIP1"
"LMAN1L","DDX55"
"LMAN1L","DNAH10"
"LMAN1L","DPYD"
"LMAN1L","FAT4"
"LMAN1L","AMDHD1"
"LMAN1L","ARMC5"
"LMAN1L","FASN"
"LMAN1L","INF2"
"LMAN1L","CFAP46"
"LMAN1L","CLTCL1"
"LMAN1L","FNIP2"
"LMAN1L","ELP1"
"LMAN1L","LARP7"
"LMAN1L","SEC16A"
"LMAN1L","ALG14"
"LMAN1L","DPAGT1"
"LMAN1L","GFPT1"
"LMAN1L","GMPPB"
"LMAN1L","SLC25A1"
"LMAN1L","PDPR"
"LMAN1L","AATF"
"LMAN1L","MRM1"
"LMAN1L","MYO19"
"LMAN1L","DDX52"
"LMAN1L","FGGY"
"LMAN1L","ANXA2R"
"LMAN1L","SELENOW"
"TXNDC2","BMS1"
"TXNDC2","HYI"
"TXNDC2","NOL8"
"TXNDC2","ZNF469"
"TXNDC2","LRRFIP1"
"TXNDC2","DDX55"
"TXNDC2","DNAH10"
"TXNDC2","DPYD"
"TXNDC2","FAT4"
"TXNDC2","AMDHD1"
"TXNDC2","ARMC5"
"TXNDC2","FASN"
"TXNDC2","INF2"
"TXNDC2","CFAP46"
"TXNDC2","CLTCL1"
"TXNDC2","FNIP2"
"TXNDC2","ELP1"
"TXNDC2","LARP7"
"TXNDC2","SEC16A"
"TXNDC2","ALG14"
"TXNDC2","DPAGT1"
"TXNDC2","GFPT1"
"TXNDC2","GMPPB"
"TXNDC2","SLC25A1"
"TXNDC2","PDPR"
"TXNDC2","AATF"
"TXNDC2","MRM1"
"TXNDC2","MYO19"
"TXNDC2","DDX52"
"TXNDC2","FGGY"
"TXNDC2","ANXA2R"
"TXNDC2","SELENOW"
"BMS1","HYI"
"BMS1","NOL8"
"BMS1","ZNF469"
"BMS1","LRRFIP1"
"BMS1","DDX55"
"BMS1","DNAH10"
"BMS1","DPYD"
"BMS1","FAT4"
"BMS1","AMDHD1"
"BMS1","ARMC5"
"BMS1","FASN"
"BMS1","INF2"
"BMS1","CFAP46"
"BMS1","CLTCL1"
"BMS1","FNIP2"
"BMS1","ELP1"
"BMS1","LARP7"
"BMS1","SEC16A"
"BMS1","ALG14"
"BMS1","DPAGT1"
"BMS1","GFPT1"
"BMS1","GMPPB"
"BMS1","SLC25A1"
"BMS1","PDPR"
"BMS1","AATF"
"BMS1","MRM1"
"BMS1","MYO19"
"BMS1","DDX52"
"BMS1","FGGY"
"BMS1","ANXA2R"
"BMS1","SELENOW"
"HYI","NOL8"
"HYI","ZNF469"
"HYI","LRRFIP1"
"HYI","DDX55"
"HYI","DNAH10"
"HYI","DPYD"
"HYI","FAT4"
"HYI","AMDHD1"
"HYI","ARMC5"
"HYI","FASN"
"HYI","INF2"
"HYI","CFAP46"
"HYI","CLTCL1"
"HYI","FNIP2"
"HYI","ELP1"
"HYI","LARP7"
"HYI","SEC16A"
"HYI","ALG14"
"HYI","DPAGT1"
"HYI","GFPT1"
"HYI","GMPPB"
"HYI","SLC25A1"
"HYI","PDPR"
"HYI","AATF"
"HYI","MRM1"
"HYI","MYO19"
"HYI","DDX52"
"HYI","FGGY"
"HYI","ANXA2R"
"HYI","SELENOW"
"NOL8","ZNF469"
"NOL8","LRRFIP1"
"NOL8","DDX55"
"NOL8","DNAH10"
"NOL8","DPYD"
"NOL8","FAT4"
"NOL8","AMDHD1"
"NOL8","ARMC5"
"NOL8","FASN"
"NOL8","INF2"
"NOL8","CFAP46"
"NOL8","CLTCL1"
"NOL8","FNIP2"
"NOL8","ELP1"
"NOL8","LARP7"
"NOL8","SEC16A"
"NOL8","ALG14"
"NOL8","DPAGT1"
"NOL8","GFPT1"
"NOL8","GMPPB"
"NOL8","SLC25A1"
"NOL8","PDPR"
"NOL8","AATF"
"NOL8","MRM1"
"NOL8","MYO19"
"NOL8","DDX52"
"NOL8","FGGY"
"NOL8","ANXA2R"
"NOL8","SELENOW"
"ZNF469","LRRFIP1"
"ZNF469","DDX55"
"ZNF469","DNAH10"
"ZNF469","DPYD"
"ZNF469","FAT4"
"ZNF469","AMDHD1"
"ZNF469","ARMC5"
"ZNF469","FASN"
"ZNF469","INF2"
"ZNF469","CFAP46"
"ZNF469","CLTCL1"
"ZNF469","FNIP2"
"ZNF469","ELP1"
"ZNF469","LARP7"
"ZNF469","SEC16A"
"ZNF469","ALG14"
"ZNF469","DPAGT1"
"ZNF469","GFPT1"
"ZNF469","GMPPB"
"ZNF469","SLC25A1"
"ZNF469","PDPR"
"ZNF469","AATF"
"ZNF469","MRM1"
"ZNF469","MYO19"
"ZNF469","DDX52"
"ZNF469","FGGY"
"ZNF469","ANXA2R"
"ZNF469","SELENOW"
"LRRFIP1","DDX55"
"LRRFIP1","DNAH10"
"LRRFIP1","DPYD"
"LRRFIP1","FAT4"
"LRRFIP1","AMDHD1"
"LRRFIP1","ARMC5"
"LRRFIP1","FASN"
"LRRFIP1","INF2"
"LRRFIP1","CFAP46"
"LRRFIP1","CLTCL1"
"LRRFIP1","FNIP2"
"LRRFIP1","ELP1"
"LRRFIP1","LARP7"
"LRRFIP1","SEC16A"
"LRRFIP1","ALG14"
"LRRFIP1","DPAGT1"
"LRRFIP1","GFPT1"
"LRRFIP1","GMPPB"
"LRRFIP1","SLC25A1"
"LRRFIP1","PDPR"
"LRRFIP1","AATF"
"LRRFIP1","MRM1"
"LRRFIP1","MYO19"
"LRRFIP1","DDX52"
"LRRFIP1","FGGY"
"LRRFIP1","ANXA2R"
"LRRFIP1","SELENOW"
"DDX55","DNAH10"
"DDX55","DPYD"
"DDX55","FAT4"
"DDX55","AMDHD1"
"DDX55","ARMC5"
"DDX55","FASN"
"DDX55","INF2"
"DDX55","CFAP46"
"DDX55","CLTCL1"
"DDX55","FNIP2"
"DDX55","ELP1"
"DDX55","LARP7"
"DDX55","SEC16A"
"DDX55","ALG14"
"DDX55","DPAGT1"
"DDX55","GFPT1"
"DDX55","GMPPB"
"DDX55","SLC25A1"
"DDX55","PDPR"
"DDX55","AATF"
"DDX55","MRM1"
"DDX55","MYO19"
"DDX55","DDX52"
"DDX55","FGGY"
"DDX55","ANXA2R"
"DDX55","SELENOW"
"DNAH10","DPYD"
"DNAH10","FAT4"
"DNAH10","AMDHD1"
"DNAH10","ARMC5"
"DNAH10","FASN"
"DNAH10","INF2"
"DNAH10","CFAP46"
"DNAH10","CLTCL1"
"DNAH10","FNIP2"
"DNAH10","ELP1"
"DNAH10","LARP7"
"DNAH10","SEC16A"
"DNAH10","ALG14"
"DNAH10","DPAGT1"
"DNAH10","GFPT1"
"DNAH10","GMPPB"
"DNAH10","SLC25A1"
"DNAH10","PDPR"
"DNAH10","AATF"
"DNAH10","MRM1"
"DNAH10","MYO19"
"DNAH10","DDX52"
"DNAH10","FGGY"
"DNAH10","ANXA2R"
"DNAH10","SELENOW"
"DPYD","FAT4"
"DPYD","AMDHD1"
"DPYD","ARMC5"
"DPYD","FASN"
"DPYD","INF2"
"DPYD","CFAP46"
"DPYD","CLTCL1"
"DPYD","FNIP2"
"DPYD","ELP1"
"DPYD","LARP7"
"DPYD","SEC16A"
"DPYD","ALG14"
"DPYD","DPAGT1"
"DPYD","GFPT1"
"DPYD","GMPPB"
"DPYD","SLC25A1"
"DPYD","PDPR"
"DPYD","AATF"
"DPYD","MRM1"
"DPYD","MYO19"
"DPYD","DDX52"
"DPYD","FGGY"
"DPYD","ANXA2R"
"DPYD","SELENOW"
"FAT4","AMDHD1"
"FAT4","ARMC5"
"FAT4","FASN"
"FAT4","INF2"
"FAT4","CFAP46"
"FAT4","CLTCL1"
"FAT4","FNIP2"
"FAT4","ELP1"
"FAT4","LARP7"
"FAT4","SEC16A"
"FAT4","ALG14"
"FAT4","DPAGT1"
"FAT4","GFPT1"
"FAT4","GMPPB"
"FAT4","SLC25A1"
"FAT4","PDPR"
"FAT4","AATF"
"FAT4","MRM1"
"FAT4","MYO19"
"FAT4","DDX52"
"FAT4","FGGY"
"FAT4","ANXA2R"
"FAT4","SELENOW"
"AMDHD1","ARMC5"
"AMDHD1","FASN"
"AMDHD1","INF2"
"AMDHD1","CFAP46"
"AMDHD1","CLTCL1"
"AMDHD1","FNIP2"
"AMDHD1","ELP1"
"AMDHD1","LARP7"
"AMDHD1","SEC16A"
"AMDHD1","ALG14"
"AMDHD1","DPAGT1"
"AMDHD1","GFPT1"
"AMDHD1","GMPPB"
"AMDHD1","SLC25A1"
"AMDHD1","PDPR"
"AMDHD1","AATF"
"AMDHD1","MRM1"
"AMDHD1","MYO19"
"AMDHD1","DDX52"
"AMDHD1","FGGY"
"AMDHD1","ANXA2R"
"AMDHD1","SELENOW"
"ARMC5","FASN"
"ARMC5","INF2"
"ARMC5","CFAP46"
"ARMC5","CLTCL1"
"ARMC5","FNIP2"
"ARMC5","ELP1"
"ARMC5","LARP7"
"ARMC5","SEC16A"
"ARMC5","ALG14"
"ARMC5","DPAGT1"
"ARMC5","GFPT1"
"ARMC5","GMPPB"
"ARMC5","SLC25A1"
"ARMC5","PDPR"
"ARMC5","AATF"
"ARMC5","MRM1"
"ARMC5","MYO19"
"ARMC5","DDX52"
"ARMC5","FGGY"
"ARMC5","ANXA2R"
"ARMC5","SELENOW"
"FASN","INF2"
"FASN","CFAP46"
"FASN","CLTCL1"
"FASN","FNIP2"
"FASN","ELP1"
"FASN","LARP7"
"FASN","SEC16A"
"FASN","ALG14"
"FASN","DPAGT1"
"FASN","GFPT1"
"FASN","GMPPB"
"FASN","SLC25A1"
"FASN","PDPR"
"FASN","AATF"
"FASN","MRM1"
"FASN","MYO19"
"FASN","DDX52"
"FASN","FGGY"
"FASN","ANXA2R"
"FASN","SELENOW"
"INF2","CFAP46"
"INF2","CLTCL1"
"INF2","FNIP2"
"INF2","ELP1"
"INF2","LARP7"
"INF2","SEC16A"
"INF2","ALG14"
"INF2","DPAGT1"
"INF2","GFPT1"
"INF2","GMPPB"
"INF2","SLC25A1"
"INF2","PDPR"
"INF2","AATF"
"INF2","MRM1"
"INF2","MYO19"
"INF2","DDX52"
"INF2","FGGY"
"INF2","ANXA2R"
"INF2","SELENOW"
"CFAP46","CLTCL1"
"CFAP46","FNIP2"
"CFAP46","ELP1"
"CFAP46","LARP7"
"CFAP46","SEC16A"
"CFAP46","ALG14"
"CFAP46","DPAGT1"
"CFAP46","GFPT1"
"CFAP46","GMPPB"
"CFAP46","SLC25A1"
"CFAP46","PDPR"
"CFAP46","AATF"
"CFAP46","MRM1"
"CFAP46","MYO19"
"CFAP46","DDX52"
"CFAP46","FGGY"
"CFAP46","ANXA2R"
"CFAP46","SELENOW"
"CLTCL1","FNIP2"
"CLTCL1","ELP1"
"CLTCL1","LARP7"
"CLTCL1","SEC16A"
"CLTCL1","ALG14"
"CLTCL1","DPAGT1"
"CLTCL1","GFPT1"
"CLTCL1","GMPPB"
"CLTCL1","SLC25A1"
"CLTCL1","PDPR"
"CLTCL1","AATF"
"CLTCL1","MRM1"
"CLTCL1","MYO19"
"CLTCL1","DDX52"
"CLTCL1","FGGY"
"CLTCL1","ANXA2R"
"CLTCL1","SELENOW"
"FNIP2","ELP1"
"FNIP2","LARP7"
"FNIP2","SEC16A"
"FNIP2","ALG14"
"FNIP2","DPAGT1"
"FNIP2","GFPT1"
"FNIP2","GMPPB"
"FNIP2","SLC25A1"
"FNIP2","PDPR"
"FNIP2","AATF"
"FNIP2","MRM1"
"FNIP2","MYO19"
"FNIP2","DDX52"
"FNIP2","FGGY"
"FNIP2","ANXA2R"
"FNIP2","SELENOW"
"ELP1","LARP7"
"ELP1","SEC16A"
"ELP1","ALG14"
"ELP1","DPAGT1"
"ELP1","GFPT1"
"ELP1","GMPPB"
"ELP1","SLC25A1"
"ELP1","PDPR"
"ELP1","AATF"
"ELP1","MRM1"
"ELP1","MYO19"
"ELP1","DDX52"
"ELP1","FGGY"
"ELP1","ANXA2R"
"ELP1","SELENOW"
"LARP7","SEC16A"
"LARP7","ALG14"
"LARP7","DPAGT1"
"LARP7","GFPT1"
"LARP7","GMPPB"
"LARP7","SLC25A1"
"LARP7","PDPR"
"LARP7","AATF"
"LARP7","MRM1"
"LARP7","MYO19"
"LARP7","DDX52"
"LARP7","FGGY"
"LARP7","ANXA2R"
"LARP7","SELENOW"
"SEC16A","ALG14"
"SEC16A","DPAGT1"
"SEC16A","GFPT1"
"SEC16A","GMPPB"
"SEC16A","SLC25A1"
"SEC16A","PDPR"
"SEC16A","AATF"
"SEC16A","MRM1"
"SEC16A","MYO19"
"SEC16A","DDX52"
"SEC16A","FGGY"
"SEC16A","ANXA2R"
"SEC16A","SELENOW"
"ALG14","DPAGT1"
"ALG14","GFPT1"
"ALG14","GMPPB"
"ALG14","SLC25A1"
"ALG14","PDPR"
"ALG14","AATF"
"ALG14","MRM1"
"ALG14","MYO19"
"ALG14","DDX52"
"ALG14","FGGY"
"ALG14","ANXA2R"
"ALG14","SELENOW"
"DPAGT1","GFPT1"
"DPAGT1","GMPPB"
"DPAGT1","SLC25A1"
"DPAGT1","PDPR"
"DPAGT1","AATF"
"DPAGT1","MRM1"
"DPAGT1","MYO19"
"DPAGT1","DDX52"
"DPAGT1","FGGY"
"DPAGT1","ANXA2R"
"DPAGT1","SELENOW"
"GFPT1","GMPPB"
"GFPT1","SLC25A1"
"GFPT1","PDPR"
"GFPT1","AATF"
"GFPT1","MRM1"
"GFPT1","MYO19"
"GFPT1","DDX52"
"GFPT1","FGGY"
"GFPT1","ANXA2R"
"GFPT1","SELENOW"
"GMPPB","SLC25A1"
"GMPPB","PDPR"
"GMPPB","AATF"
"GMPPB","MRM1"
"GMPPB","MYO19"
"GMPPB","DDX52"
"GMPPB","FGGY"
"GMPPB","ANXA2R"
"GMPPB","SELENOW"
"SLC25A1","PDPR"
"SLC25A1","AATF"
"SLC25A1","MRM1"
"SLC25A1","MYO19"
"SLC25A1","DDX52"
"SLC25A1","FGGY"
"SLC25A1","ANXA2R"
"SLC25A1","SELENOW"
"PDPR","AATF"
"PDPR","MRM1"
"PDPR","MYO19"
"PDPR","DDX52"
"PDPR","FGGY"
"PDPR","ANXA2R"
"PDPR","SELENOW"
"AATF","MRM1"
"AATF","MYO19"
"AATF","DDX52"
"AATF","FGGY"
"AATF","ANXA2R"
"AATF","SELENOW"
"MRM1","MYO19"
"MRM1","DDX52"
"MRM1","FGGY"
"MRM1","ANXA2R"
"MRM1","SELENOW"
"MYO19","DDX52"
"MYO19","FGGY"
"MYO19","ANXA2R"
"MYO19","SELENOW"
"DDX52","FGGY"
"DDX52","ANXA2R"
"DDX52","SELENOW"
"FGGY","ANXA2R"
"FGGY","SELENOW"
"ANXA2R","SELENOW"
"PMS2","TCTE3"
"PMS2","USP17L2"
"PMS2","C16orf71"
"PMS2","TTC3"
"PMS2","POLE"
"PMS2","POLQ"
"PMS2","CHD6"
"PMS2","CREB3L4"
"PMS2","PADI3"
"PMS2","USP20"
"PMS2","PHRF1"
"PMS2","REST"
"PMS2","TENM2"
"PMS2","ZFHX3"
"PMS2","GGNBP2"
"PMS2","TADA2A"
"PMS2","ZNHIT3"
"PMS2","HNF1B"
"PMS2","LHX1"
"PMS2","PBX1"
"TCTE3","USP17L2"
"TCTE3","C16orf71"
"TCTE3","TTC3"
"TCTE3","POLE"
"TCTE3","POLQ"
"TCTE3","CHD6"
"TCTE3","CREB3L4"
"TCTE3","PADI3"
"TCTE3","USP20"
"TCTE3","PHRF1"
"TCTE3","REST"
"TCTE3","TENM2"
"TCTE3","ZFHX3"
"TCTE3","GGNBP2"
"TCTE3","TADA2A"
"TCTE3","ZNHIT3"
"TCTE3","HNF1B"
"TCTE3","LHX1"
"TCTE3","PBX1"
"USP17L2","C16orf71"
"USP17L2","TTC3"
"USP17L2","POLE"
"USP17L2","POLQ"
"USP17L2","CHD6"
"USP17L2","CREB3L4"
"USP17L2","PADI3"
"USP17L2","USP20"
"USP17L2","PHRF1"
"USP17L2","REST"
"USP17L2","TENM2"
"USP17L2","ZFHX3"
"USP17L2","GGNBP2"
"USP17L2","TADA2A"
"USP17L2","ZNHIT3"
"USP17L2","HNF1B"
"USP17L2","LHX1"
"USP17L2","PBX1"
"C16orf71","TTC3"
"C16orf71","POLE"
"C16orf71","POLQ"
"C16orf71","CHD6"
"C16orf71","CREB3L4"
"C16orf71","PADI3"
"C16orf71","USP20"
"C16orf71","PHRF1"
"C16orf71","REST"
"C16orf71","TENM2"
"C16orf71","ZFHX3"
"C16orf71","GGNBP2"
"C16orf71","TADA2A"
"C16orf71","ZNHIT3"
"C16orf71","HNF1B"
"C16orf71","LHX1"
"C16orf71","PBX1"
"TTC3","POLE"
"TTC3","POLQ"
"TTC3","CHD6"
"TTC3","CREB3L4"
"TTC3","PADI3"
"TTC3","USP20"
"TTC3","PHRF1"
"TTC3","REST"
"TTC3","TENM2"
"TTC3","ZFHX3"
"TTC3","GGNBP2"
"TTC3","TADA2A"
"TTC3","ZNHIT3"
"TTC3","HNF1B"
"TTC3","LHX1"
"TTC3","PBX1"
"POLE","POLQ"
"POLE","CHD6"
"POLE","CREB3L4"
"POLE","PADI3"
"POLE","USP20"
"POLE","PHRF1"
"POLE","REST"
"POLE","TENM2"
"POLE","ZFHX3"
"POLE","GGNBP2"
"POLE","TADA2A"
"POLE","ZNHIT3"
"POLE","HNF1B"
"POLE","LHX1"
"POLE","PBX1"
"POLQ","CHD6"
"POLQ","CREB3L4"
"POLQ","PADI3"
"POLQ","USP20"
"POLQ","PHRF1"
"POLQ","REST"
"POLQ","TENM2"
"POLQ","ZFHX3"
"POLQ","GGNBP2"
"POLQ","TADA2A"
"POLQ","ZNHIT3"
"POLQ","HNF1B"
"POLQ","LHX1"
"POLQ","PBX1"
"CHD6","CREB3L4"
"CHD6","PADI3"
"CHD6","USP20"
"CHD6","PHRF1"
"CHD6","REST"
"CHD6","TENM2"
"CHD6","ZFHX3"
"CHD6","GGNBP2"
"CHD6","TADA2A"
"CHD6","ZNHIT3"
"CHD6","HNF1B"
"CHD6","LHX1"
"CHD6","PBX1"
"CREB3L4","PADI3"
"CREB3L4","USP20"
"CREB3L4","PHRF1"
"CREB3L4","REST"
"CREB3L4","TENM2"
"CREB3L4","ZFHX3"
"CREB3L4","GGNBP2"
"CREB3L4","TADA2A"
"CREB3L4","ZNHIT3"
"CREB3L4","HNF1B"
"CREB3L4","LHX1"
"CREB3L4","PBX1"
"PADI3","USP20"
"PADI3","PHRF1"
"PADI3","REST"
"PADI3","TENM2"
"PADI3","ZFHX3"
"PADI3","GGNBP2"
"PADI3","TADA2A"
"PADI3","ZNHIT3"
"PADI3","HNF1B"
"PADI3","LHX1"
"PADI3","PBX1"
"USP20","PHRF1"
"USP20","REST"
"USP20","TENM2"
"USP20","ZFHX3"
"USP20","GGNBP2"
"USP20","TADA2A"
"USP20","ZNHIT3"
"USP20","HNF1B"
"USP20","LHX1"
"USP20","PBX1"
"PHRF1","REST"
"PHRF1","TENM2"
"PHRF1","ZFHX3"
"PHRF1","GGNBP2"
"PHRF1","TADA2A"
"PHRF1","ZNHIT3"
"PHRF1","HNF1B"
"PHRF1","LHX1"
"PHRF1","PBX1"
"REST","TENM2"
"REST","ZFHX3"
"REST","GGNBP2"
"REST","TADA2A"
"REST","ZNHIT3"
"REST","HNF1B"
"REST","LHX1"
"REST","PBX1"
"TENM2","ZFHX3"
"TENM2","GGNBP2"
"TENM2","TADA2A"
"TENM2","ZNHIT3"
"TENM2","HNF1B"
"TENM2","LHX1"
"TENM2","PBX1"
"ZFHX3","GGNBP2"
"ZFHX3","TADA2A"
"ZFHX3","ZNHIT3"
"ZFHX3","HNF1B"
"ZFHX3","LHX1"
"ZFHX3","PBX1"
"GGNBP2","TADA2A"
"GGNBP2","ZNHIT3"
"GGNBP2","HNF1B"
"GGNBP2","LHX1"
"GGNBP2","PBX1"
"TADA2A","ZNHIT3"
"TADA2A","HNF1B"
"TADA2A","LHX1"
"TADA2A","PBX1"
"ZNHIT3","HNF1B"
"ZNHIT3","LHX1"
"ZNHIT3","PBX1"
"HNF1B","LHX1"
"HNF1B","PBX1"
"LHX1","PBX1"
"ADAM8","COL6A5"
"ADAM8","HLA-A"
"ADAM8","PKD1"
"ADAM8","TLR1"
"ADAM8","MROH5"
"ADAM8","FLG"
"ADAM8","ITIH5"
"ADAM8","LAMA5"
"ADAM8","SLCO4A1"
"ADAM8","TLL2"
"ADAM8","TLR6"
"ADAM8","BIN2"
"ADAM8","HLA-DQB1"
"ADAM8","LDLRAD1"
"ADAM8","MUC12"
"ADAM8","MYOM2"
"ADAM8","TG"
"ADAM8","DDIAS"
"ADAM8","MAMDC4"
"ADAM8","MCAM"
"ADAM8","PCDHGA6"
"ADAM8","TLR10"
"ADAM8","FLG2"
"ADAM8","HMCN1"
"ADAM8","SHARPIN"
"ADAM8","ADAMTS9"
"ADAM8","LRFN3"
"ADAM8","VTCN1"
"ADAM8","LAMB4"
"ADAM8","ADAM28"
"ADAM8","CNTN3"
"ADAM8","PKD1L2"
"ADAM8","AGRN"
"ADAM8","COL13A1"
"ADAM8","COLQ"
"ADAM8","LAMB2"
"ADAM8","LRP4"
"ADAM8","PLEC"
"ADAM8","MSR1"
"ADAM8","DEFB103B"
"COL6A5","HLA-A"
"COL6A5","PKD1"
"COL6A5","TLR1"
"COL6A5","MROH5"
"COL6A5","FLG"
"COL6A5","ITIH5"
"COL6A5","LAMA5"
"COL6A5","SLCO4A1"
"COL6A5","TLL2"
"COL6A5","TLR6"
"COL6A5","BIN2"
"COL6A5","HLA-DQB1"
"COL6A5","LDLRAD1"
"COL6A5","MUC12"
"COL6A5","MYOM2"
"COL6A5","TG"
"COL6A5","DDIAS"
"COL6A5","MAMDC4"
"COL6A5","MCAM"
"COL6A5","PCDHGA6"
"COL6A5","TLR10"
"COL6A5","FLG2"
"COL6A5","HMCN1"
"COL6A5","SHARPIN"
"COL6A5","ADAMTS9"
"COL6A5","LRFN3"
"COL6A5","VTCN1"
"COL6A5","LAMB4"
"COL6A5","ADAM28"
"COL6A5","CNTN3"
"COL6A5","PKD1L2"
"COL6A5","AGRN"
"COL6A5","COL13A1"
"COL6A5","COLQ"
"COL6A5","LAMB2"
"COL6A5","LRP4"
"COL6A5","PLEC"
"COL6A5","MSR1"
"COL6A5","DEFB103B"
"HLA-A","PKD1"
"HLA-A","TLR1"
"HLA-A","MROH5"
"HLA-A","FLG"
"HLA-A","ITIH5"
"HLA-A","LAMA5"
"HLA-A","SLCO4A1"
"HLA-A","TLL2"
"HLA-A","TLR6"
"HLA-A","BIN2"
"HLA-A","HLA-DQB1"
"HLA-A","LDLRAD1"
"HLA-A","MUC12"
"HLA-A","MYOM2"
"HLA-A","TG"
"HLA-A","DDIAS"
"HLA-A","MAMDC4"
"HLA-A","MCAM"
"HLA-A","PCDHGA6"
"HLA-A","TLR10"
"HLA-A","FLG2"
"HLA-A","HMCN1"
"HLA-A","SHARPIN"
"HLA-A","ADAMTS9"
"HLA-A","LRFN3"
"HLA-A","VTCN1"
"HLA-A","LAMB4"
"HLA-A","ADAM28"
"HLA-A","CNTN3"
"HLA-A","PKD1L2"
"HLA-A","AGRN"
"HLA-A","COL13A1"
"HLA-A","COLQ"
"HLA-A","LAMB2"
"HLA-A","LRP4"
"HLA-A","PLEC"
"HLA-A","MSR1"
"HLA-A","DEFB103B"
"PKD1","TLR1"
"PKD1","MROH5"
"PKD1","FLG"
"PKD1","ITIH5"
"PKD1","LAMA5"
"PKD1","SLCO4A1"
"PKD1","TLL2"
"PKD1","TLR6"
"PKD1","BIN2"
"PKD1","HLA-DQB1"
"PKD1","LDLRAD1"
"PKD1","MUC12"
"PKD1","MYOM2"
"PKD1","TG"
"PKD1","DDIAS"
"PKD1","MAMDC4"
"PKD1","MCAM"
"PKD1","PCDHGA6"
"PKD1","TLR10"
"PKD1","FLG2"
"PKD1","HMCN1"
"PKD1","SHARPIN"
"PKD1","ADAMTS9"
"PKD1","LRFN3"
"PKD1","VTCN1"
"PKD1","LAMB4"
"PKD1","ADAM28"
"PKD1","CNTN3"
"PKD1","PKD1L2"
"PKD1","AGRN"
"PKD1","COL13A1"
"PKD1","COLQ"
"PKD1","LAMB2"
"PKD1","LRP4"
"PKD1","PLEC"
"PKD1","MSR1"
"PKD1","DEFB103B"
"TLR1","MROH5"
"TLR1","FLG"
"TLR1","ITIH5"
"TLR1","LAMA5"
"TLR1","SLCO4A1"
"TLR1","TLL2"
"TLR1","TLR6"
"TLR1","BIN2"
"TLR1","HLA-DQB1"
"TLR1","LDLRAD1"
"TLR1","MUC12"
"TLR1","MYOM2"
"TLR1","TG"
"TLR1","DDIAS"
"TLR1","MAMDC4"
"TLR1","MCAM"
"TLR1","PCDHGA6"
"TLR1","TLR10"
"TLR1","FLG2"
"TLR1","HMCN1"
"TLR1","SHARPIN"
"TLR1","ADAMTS9"
"TLR1","LRFN3"
"TLR1","VTCN1"
"TLR1","LAMB4"
"TLR1","ADAM28"
"TLR1","CNTN3"
"TLR1","PKD1L2"
"TLR1","AGRN"
"TLR1","COL13A1"
"TLR1","COLQ"
"TLR1","LAMB2"
"TLR1","LRP4"
"TLR1","PLEC"
"TLR1","MSR1"
"TLR1","DEFB103B"
"MROH5","FLG"
"MROH5","ITIH5"
"MROH5","LAMA5"
"MROH5","SLCO4A1"
"MROH5","TLL2"
"MROH5","TLR6"
"MROH5","BIN2"
"MROH5","HLA-DQB1"
"MROH5","LDLRAD1"
"MROH5","MUC12"
"MROH5","MYOM2"
"MROH5","TG"
"MROH5","DDIAS"
"MROH5","MAMDC4"
"MROH5","MCAM"
"MROH5","PCDHGA6"
"MROH5","TLR10"
"MROH5","FLG2"
"MROH5","HMCN1"
"MROH5","SHARPIN"
"MROH5","ADAMTS9"
"MROH5","LRFN3"
"MROH5","VTCN1"
"MROH5","LAMB4"
"MROH5","ADAM28"
"MROH5","CNTN3"
"MROH5","PKD1L2"
"MROH5","AGRN"
"MROH5","COL13A1"
"MROH5","COLQ"
"MROH5","LAMB2"
"MROH5","LRP4"
"MROH5","PLEC"
"MROH5","MSR1"
"MROH5","DEFB103B"
"FLG","ITIH5"
"FLG","LAMA5"
"FLG","SLCO4A1"
"FLG","TLL2"
"FLG","TLR6"
"FLG","BIN2"
"FLG","HLA-DQB1"
"FLG","LDLRAD1"
"FLG","MUC12"
"FLG","MYOM2"
"FLG","TG"
"FLG","DDIAS"
"FLG","MAMDC4"
"FLG","MCAM"
"FLG","PCDHGA6"
"FLG","TLR10"
"FLG","FLG2"
"FLG","HMCN1"
"FLG","SHARPIN"
"FLG","ADAMTS9"
"FLG","LRFN3"
"FLG","VTCN1"
"FLG","LAMB4"
"FLG","ADAM28"
"FLG","CNTN3"
"FLG","PKD1L2"
"FLG","AGRN"
"FLG","COL13A1"
"FLG","COLQ"
"FLG","LAMB2"
"FLG","LRP4"
"FLG","PLEC"
"FLG","MSR1"
"FLG","DEFB103B"
"ITIH5","LAMA5"
"ITIH5","SLCO4A1"
"ITIH5","TLL2"
"ITIH5","TLR6"
"ITIH5","BIN2"
"ITIH5","HLA-DQB1"
"ITIH5","LDLRAD1"
"ITIH5","MUC12"
"ITIH5","MYOM2"
"ITIH5","TG"
"ITIH5","DDIAS"
"ITIH5","MAMDC4"
"ITIH5","MCAM"
"ITIH5","PCDHGA6"
"ITIH5","TLR10"
"ITIH5","FLG2"
"ITIH5","HMCN1"
"ITIH5","SHARPIN"
"ITIH5","ADAMTS9"
"ITIH5","LRFN3"
"ITIH5","VTCN1"
"ITIH5","LAMB4"
"ITIH5","ADAM28"
"ITIH5","CNTN3"
"ITIH5","PKD1L2"
"ITIH5","AGRN"
"ITIH5","COL13A1"
"ITIH5","COLQ"
"ITIH5","LAMB2"
"ITIH5","LRP4"
"ITIH5","PLEC"
"ITIH5","MSR1"
"ITIH5","DEFB103B"
"LAMA5","SLCO4A1"
"LAMA5","TLL2"
"LAMA5","TLR6"
"LAMA5","BIN2"
"LAMA5","HLA-DQB1"
"LAMA5","LDLRAD1"
"LAMA5","MUC12"
"LAMA5","MYOM2"
"LAMA5","TG"
"LAMA5","DDIAS"
"LAMA5","MAMDC4"
"LAMA5","MCAM"
"LAMA5","PCDHGA6"
"LAMA5","TLR10"
"LAMA5","FLG2"
"LAMA5","HMCN1"
"LAMA5","SHARPIN"
"LAMA5","ADAMTS9"
"LAMA5","LRFN3"
"LAMA5","VTCN1"
"LAMA5","LAMB4"
"LAMA5","ADAM28"
"LAMA5","CNTN3"
"LAMA5","PKD1L2"
"LAMA5","AGRN"
"LAMA5","COL13A1"
"LAMA5","COLQ"
"LAMA5","LAMB2"
"LAMA5","LRP4"
"LAMA5","PLEC"
"LAMA5","MSR1"
"LAMA5","DEFB103B"
"SLCO4A1","TLL2"
"SLCO4A1","TLR6"
"SLCO4A1","BIN2"
"SLCO4A1","HLA-DQB1"
"SLCO4A1","LDLRAD1"
"SLCO4A1","MUC12"
"SLCO4A1","MYOM2"
"SLCO4A1","TG"
"SLCO4A1","DDIAS"
"SLCO4A1","MAMDC4"
"SLCO4A1","MCAM"
"SLCO4A1","PCDHGA6"
"SLCO4A1","TLR10"
"SLCO4A1","FLG2"
"SLCO4A1","HMCN1"
"SLCO4A1","SHARPIN"
"SLCO4A1","ADAMTS9"
"SLCO4A1","LRFN3"
"SLCO4A1","VTCN1"
"SLCO4A1","LAMB4"
"SLCO4A1","ADAM28"
"SLCO4A1","CNTN3"
"SLCO4A1","PKD1L2"
"SLCO4A1","AGRN"
"SLCO4A1","COL13A1"
"SLCO4A1","COLQ"
"SLCO4A1","LAMB2"
"SLCO4A1","LRP4"
"SLCO4A1","PLEC"
"SLCO4A1","MSR1"
"SLCO4A1","DEFB103B"
"TLL2","TLR6"
"TLL2","BIN2"
"TLL2","HLA-DQB1"
"TLL2","LDLRAD1"
"TLL2","MUC12"
"TLL2","MYOM2"
"TLL2","TG"
"TLL2","DDIAS"
"TLL2","MAMDC4"
"TLL2","MCAM"
"TLL2","PCDHGA6"
"TLL2","TLR10"
"TLL2","FLG2"
"TLL2","HMCN1"
"TLL2","SHARPIN"
"TLL2","ADAMTS9"
"TLL2","LRFN3"
"TLL2","VTCN1"
"TLL2","LAMB4"
"TLL2","ADAM28"
"TLL2","CNTN3"
"TLL2","PKD1L2"
"TLL2","AGRN"
"TLL2","COL13A1"
"TLL2","COLQ"
"TLL2","LAMB2"
"TLL2","LRP4"
"TLL2","PLEC"
"TLL2","MSR1"
"TLL2","DEFB103B"
"TLR6","BIN2"
"TLR6","HLA-DQB1"
"TLR6","LDLRAD1"
"TLR6","MUC12"
"TLR6","MYOM2"
"TLR6","TG"
"TLR6","DDIAS"
"TLR6","MAMDC4"
"TLR6","MCAM"
"TLR6","PCDHGA6"
"TLR6","TLR10"
"TLR6","FLG2"
"TLR6","HMCN1"
"TLR6","SHARPIN"
"TLR6","ADAMTS9"
"TLR6","LRFN3"
"TLR6","VTCN1"
"TLR6","LAMB4"
"TLR6","ADAM28"
"TLR6","CNTN3"
"TLR6","PKD1L2"
"TLR6","AGRN"
"TLR6","COL13A1"
"TLR6","COLQ"
"TLR6","LAMB2"
"TLR6","LRP4"
"TLR6","PLEC"
"TLR6","MSR1"
"TLR6","DEFB103B"
"BIN2","HLA-DQB1"
"BIN2","LDLRAD1"
"BIN2","MUC12"
"BIN2","MYOM2"
"BIN2","TG"
"BIN2","DDIAS"
"BIN2","MAMDC4"
"BIN2","MCAM"
"BIN2","PCDHGA6"
"BIN2","TLR10"
"BIN2","FLG2"
"BIN2","HMCN1"
"BIN2","SHARPIN"
"BIN2","ADAMTS9"
"BIN2","LRFN3"
"BIN2","VTCN1"
"BIN2","LAMB4"
"BIN2","ADAM28"
"BIN2","CNTN3"
"BIN2","PKD1L2"
"BIN2","AGRN"
"BIN2","COL13A1"
"BIN2","COLQ"
"BIN2","LAMB2"
"BIN2","LRP4"
"BIN2","PLEC"
"BIN2","MSR1"
"BIN2","DEFB103B"
"HLA-DQB1","LDLRAD1"
"HLA-DQB1","MUC12"
"HLA-DQB1","MYOM2"
"HLA-DQB1","TG"
"HLA-DQB1","DDIAS"
"HLA-DQB1","MAMDC4"
"HLA-DQB1","MCAM"
"HLA-DQB1","PCDHGA6"
"HLA-DQB1","TLR10"
"HLA-DQB1","FLG2"
"HLA-DQB1","HMCN1"
"HLA-DQB1","SHARPIN"
"HLA-DQB1","ADAMTS9"
"HLA-DQB1","LRFN3"
"HLA-DQB1","VTCN1"
"HLA-DQB1","LAMB4"
"HLA-DQB1","ADAM28"
"HLA-DQB1","CNTN3"
"HLA-DQB1","PKD1L2"
"HLA-DQB1","AGRN"
"HLA-DQB1","COL13A1"
"HLA-DQB1","COLQ"
"HLA-DQB1","LAMB2"
"HLA-DQB1","LRP4"
"HLA-DQB1","PLEC"
"HLA-DQB1","MSR1"
"HLA-DQB1","DEFB103B"
"LDLRAD1","MUC12"
"LDLRAD1","MYOM2"
"LDLRAD1","TG"
"LDLRAD1","DDIAS"
"LDLRAD1","MAMDC4"
"LDLRAD1","MCAM"
"LDLRAD1","PCDHGA6"
"LDLRAD1","TLR10"
"LDLRAD1","FLG2"
"LDLRAD1","HMCN1"
"LDLRAD1","SHARPIN"
"LDLRAD1","ADAMTS9"
"LDLRAD1","LRFN3"
"LDLRAD1","VTCN1"
"LDLRAD1","LAMB4"
"LDLRAD1","ADAM28"
"LDLRAD1","CNTN3"
"LDLRAD1","PKD1L2"
"LDLRAD1","AGRN"
"LDLRAD1","COL13A1"
"LDLRAD1","COLQ"
"LDLRAD1","LAMB2"
"LDLRAD1","LRP4"
"LDLRAD1","PLEC"
"LDLRAD1","MSR1"
"LDLRAD1","DEFB103B"
"MUC12","MYOM2"
"MUC12","TG"
"MUC12","DDIAS"
"MUC12","MAMDC4"
"MUC12","MCAM"
"MUC12","PCDHGA6"
"MUC12","TLR10"
"MUC12","FLG2"
"MUC12","HMCN1"
"MUC12","SHARPIN"
"MUC12","ADAMTS9"
"MUC12","LRFN3"
"MUC12","VTCN1"
"MUC12","LAMB4"
"MUC12","ADAM28"
"MUC12","CNTN3"
"MUC12","PKD1L2"
"MUC12","AGRN"
"MUC12","COL13A1"
"MUC12","COLQ"
"MUC12","LAMB2"
"MUC12","LRP4"
"MUC12","PLEC"
"MUC12","MSR1"
"MUC12","DEFB103B"
"MYOM2","TG"
"MYOM2","DDIAS"
"MYOM2","MAMDC4"
"MYOM2","MCAM"
"MYOM2","PCDHGA6"
"MYOM2","TLR10"
"MYOM2","FLG2"
"MYOM2","HMCN1"
"MYOM2","SHARPIN"
"MYOM2","ADAMTS9"
"MYOM2","LRFN3"
"MYOM2","VTCN1"
"MYOM2","LAMB4"
"MYOM2","ADAM28"
"MYOM2","CNTN3"
"MYOM2","PKD1L2"
"MYOM2","AGRN"
"MYOM2","COL13A1"
"MYOM2","COLQ"
"MYOM2","LAMB2"
"MYOM2","LRP4"
"MYOM2","PLEC"
"MYOM2","MSR1"
"MYOM2","DEFB103B"
"TG","DDIAS"
"TG","MAMDC4"
"TG","MCAM"
"TG","PCDHGA6"
"TG","TLR10"
"TG","FLG2"
"TG","HMCN1"
"TG","SHARPIN"
"TG","ADAMTS9"
"TG","LRFN3"
"TG","VTCN1"
"TG","LAMB4"
"TG","ADAM28"
"TG","CNTN3"
"TG","PKD1L2"
"TG","AGRN"
"TG","COL13A1"
"TG","COLQ"
"TG","LAMB2"
"TG","LRP4"
"TG","PLEC"
"TG","MSR1"
"TG","DEFB103B"
"DDIAS","MAMDC4"
"DDIAS","MCAM"
"DDIAS","PCDHGA6"
"DDIAS","TLR10"
"DDIAS","FLG2"
"DDIAS","HMCN1"
"DDIAS","SHARPIN"
"DDIAS","ADAMTS9"
"DDIAS","LRFN3"
"DDIAS","VTCN1"
"DDIAS","LAMB4"
"DDIAS","ADAM28"
"DDIAS","CNTN3"
"DDIAS","PKD1L2"
"DDIAS","AGRN"
"DDIAS","COL13A1"
"DDIAS","COLQ"
"DDIAS","LAMB2"
"DDIAS","LRP4"
"DDIAS","PLEC"
"DDIAS","MSR1"
"DDIAS","DEFB103B"
"MAMDC4","MCAM"
"MAMDC4","PCDHGA6"
"MAMDC4","TLR10"
"MAMDC4","FLG2"
"MAMDC4","HMCN1"
"MAMDC4","SHARPIN"
"MAMDC4","ADAMTS9"
"MAMDC4","LRFN3"
"MAMDC4","VTCN1"
"MAMDC4","LAMB4"
"MAMDC4","ADAM28"
"MAMDC4","CNTN3"
"MAMDC4","PKD1L2"
"MAMDC4","AGRN"
"MAMDC4","COL13A1"
"MAMDC4","COLQ"
"MAMDC4","LAMB2"
"MAMDC4","LRP4"
"MAMDC4","PLEC"
"MAMDC4","MSR1"
"MAMDC4","DEFB103B"
"MCAM","PCDHGA6"
"MCAM","TLR10"
"MCAM","FLG2"
"MCAM","HMCN1"
"MCAM","SHARPIN"
"MCAM","ADAMTS9"
"MCAM","LRFN3"
"MCAM","VTCN1"
"MCAM","LAMB4"
"MCAM","ADAM28"
"MCAM","CNTN3"
"MCAM","PKD1L2"
"MCAM","AGRN"
"MCAM","COL13A1"
"MCAM","COLQ"
"MCAM","LAMB2"
"MCAM","LRP4"
"MCAM","PLEC"
"MCAM","MSR1"
"MCAM","DEFB103B"
"PCDHGA6","TLR10"
"PCDHGA6","FLG2"
"PCDHGA6","HMCN1"
"PCDHGA6","SHARPIN"
"PCDHGA6","ADAMTS9"
"PCDHGA6","LRFN3"
"PCDHGA6","VTCN1"
"PCDHGA6","LAMB4"
"PCDHGA6","ADAM28"
"PCDHGA6","CNTN3"
"PCDHGA6","PKD1L2"
"PCDHGA6","AGRN"
"PCDHGA6","COL13A1"
"PCDHGA6","COLQ"
"PCDHGA6","LAMB2"
"PCDHGA6","LRP4"
"PCDHGA6","PLEC"
"PCDHGA6","MSR1"
"PCDHGA6","DEFB103B"
"TLR10","FLG2"
"TLR10","HMCN1"
"TLR10","SHARPIN"
"TLR10","ADAMTS9"
"TLR10","LRFN3"
"TLR10","VTCN1"
"TLR10","LAMB4"
"TLR10","ADAM28"
"TLR10","CNTN3"
"TLR10","PKD1L2"
"TLR10","AGRN"
"TLR10","COL13A1"
"TLR10","COLQ"
"TLR10","LAMB2"
"TLR10","LRP4"
"TLR10","PLEC"
"TLR10","MSR1"
"TLR10","DEFB103B"
"FLG2","HMCN1"
"FLG2","SHARPIN"
"FLG2","ADAMTS9"
"FLG2","LRFN3"
"FLG2","VTCN1"
"FLG2","LAMB4"
"FLG2","ADAM28"
"FLG2","CNTN3"
"FLG2","PKD1L2"
"FLG2","AGRN"
"FLG2","COL13A1"
"FLG2","COLQ"
"FLG2","LAMB2"
"FLG2","LRP4"
"FLG2","PLEC"
"FLG2","MSR1"
"FLG2","DEFB103B"
"HMCN1","SHARPIN"
"HMCN1","ADAMTS9"
"HMCN1","LRFN3"
"HMCN1","VTCN1"
"HMCN1","LAMB4"
"HMCN1","ADAM28"
"HMCN1","CNTN3"
"HMCN1","PKD1L2"
"HMCN1","AGRN"
"HMCN1","COL13A1"
"HMCN1","COLQ"
"HMCN1","LAMB2"
"HMCN1","LRP4"
"HMCN1","PLEC"
"HMCN1","MSR1"
"HMCN1","DEFB103B"
"SHARPIN","ADAMTS9"
"SHARPIN","LRFN3"
"SHARPIN","VTCN1"
"SHARPIN","LAMB4"
"SHARPIN","ADAM28"
"SHARPIN","CNTN3"
"SHARPIN","PKD1L2"
"SHARPIN","AGRN"
"SHARPIN","COL13A1"
"SHARPIN","COLQ"
"SHARPIN","LAMB2"
"SHARPIN","LRP4"
"SHARPIN","PLEC"
"SHARPIN","MSR1"
"SHARPIN","DEFB103B"
"ADAMTS9","LRFN3"
"ADAMTS9","VTCN1"
"ADAMTS9","LAMB4"
"ADAMTS9","ADAM28"
"ADAMTS9","CNTN3"
"ADAMTS9","PKD1L2"
"ADAMTS9","AGRN"
"ADAMTS9","COL13A1"
"ADAMTS9","COLQ"
"ADAMTS9","LAMB2"
"ADAMTS9","LRP4"
"ADAMTS9","PLEC"
"ADAMTS9","MSR1"
"ADAMTS9","DEFB103B"
"LRFN3","VTCN1"
"LRFN3","LAMB4"
"LRFN3","ADAM28"
"LRFN3","CNTN3"
"LRFN3","PKD1L2"
"LRFN3","AGRN"
"LRFN3","COL13A1"
"LRFN3","COLQ"
"LRFN3","LAMB2"
"LRFN3","LRP4"
"LRFN3","PLEC"
"LRFN3","MSR1"
"LRFN3","DEFB103B"
"VTCN1","LAMB4"
"VTCN1","ADAM28"
"VTCN1","CNTN3"
"VTCN1","PKD1L2"
"VTCN1","AGRN"
"VTCN1","COL13A1"
"VTCN1","COLQ"
"VTCN1","LAMB2"
"VTCN1","LRP4"
"VTCN1","PLEC"
"VTCN1","MSR1"
"VTCN1","DEFB103B"
"LAMB4","ADAM28"
"LAMB4","CNTN3"
"LAMB4","PKD1L2"
"LAMB4","AGRN"
"LAMB4","COL13A1"
"LAMB4","COLQ"
"LAMB4","LAMB2"
"LAMB4","LRP4"
"LAMB4","PLEC"
"LAMB4","MSR1"
"LAMB4","DEFB103B"
"ADAM28","CNTN3"
"ADAM28","PKD1L2"
"ADAM28","AGRN"
"ADAM28","COL13A1"
"ADAM28","COLQ"
"ADAM28","LAMB2"
"ADAM28","LRP4"
"ADAM28","PLEC"
"ADAM28","MSR1"
"ADAM28","DEFB103B"
"CNTN3","PKD1L2"
"CNTN3","AGRN"
"CNTN3","COL13A1"
"CNTN3","COLQ"
"CNTN3","LAMB2"
"CNTN3","LRP4"
"CNTN3","PLEC"
"CNTN3","MSR1"
"CNTN3","DEFB103B"
"PKD1L2","AGRN"
"PKD1L2","COL13A1"
"PKD1L2","COLQ"
"PKD1L2","LAMB2"
"PKD1L2","LRP4"
"PKD1L2","PLEC"
"PKD1L2","MSR1"
"PKD1L2","DEFB103B"
"AGRN","COL13A1"
"AGRN","COLQ"
"AGRN","LAMB2"
"AGRN","LRP4"
"AGRN","PLEC"
"AGRN","MSR1"
"AGRN","DEFB103B"
"COL13A1","COLQ"
"COL13A1","LAMB2"
"COL13A1","LRP4"
"COL13A1","PLEC"
"COL13A1","MSR1"
"COL13A1","DEFB103B"
"COLQ","LAMB2"
"COLQ","LRP4"
"COLQ","PLEC"
"COLQ","MSR1"
"COLQ","DEFB103B"
"LAMB2","LRP4"
"LAMB2","PLEC"
"LAMB2","MSR1"
"LAMB2","DEFB103B"
"LRP4","PLEC"
"LRP4","MSR1"
"LRP4","DEFB103B"
"PLEC","MSR1"
"PLEC","DEFB103B"
"MSR1","DEFB103B"
"OR4N2","OR4N2"
"MFSD4B","PALD1"
"MFSD4B","ADGRA2"
"MFSD4B","SLC49A3"
"MFSD4B","CACNA1S"
"MFSD4B","SPATA6L"
"MFSD4B","TRPM1"
"MFSD4B","MINDY4"
"MFSD4B","ECEL1"
"MFSD4B","GOT1L1"
"MFSD4B","CHRNA1"
"MFSD4B","CHRNB1"
"MFSD4B","CHRND"
"MFSD4B","CHRNE"
"MFSD4B","CHRNG"
"MFSD4B","PREPL"
"MFSD4B","RPH3A"
"MFSD4B","SCN4A"
"MFSD4B","SLC18A3"
"MFSD4B","SLC5A7"
"MFSD4B","SNAP25"
"MFSD4B","SYT2"
"MFSD4B","UNC13B"
"MFSD4B","VAMP1"
"MFSD4B","SYNGR1"
"MFSD4B","DHRS11"
"MFSD4B","DPY19L2"
"MFSD4B","PIGW"
"MFSD4B","ZDHHC11"
"MFSD4B","CYP2A6"
"PALD1","ADGRA2"
"PALD1","SLC49A3"
"PALD1","CACNA1S"
"PALD1","SPATA6L"
"PALD1","TRPM1"
"PALD1","MINDY4"
"PALD1","ECEL1"
"PALD1","GOT1L1"
"PALD1","CHRNA1"
"PALD1","CHRNB1"
"PALD1","CHRND"
"PALD1","CHRNE"
"PALD1","CHRNG"
"PALD1","PREPL"
"PALD1","RPH3A"
"PALD1","SCN4A"
"PALD1","SLC18A3"
"PALD1","SLC5A7"
"PALD1","SNAP25"
"PALD1","SYT2"
"PALD1","UNC13B"
"PALD1","VAMP1"
"PALD1","SYNGR1"
"PALD1","DHRS11"
"PALD1","DPY19L2"
"PALD1","PIGW"
"PALD1","ZDHHC11"
"PALD1","CYP2A6"
"ADGRA2","SLC49A3"
"ADGRA2","CACNA1S"
"ADGRA2","SPATA6L"
"ADGRA2","TRPM1"
"ADGRA2","MINDY4"
"ADGRA2","ECEL1"
"ADGRA2","GOT1L1"
"ADGRA2","CHRNA1"
"ADGRA2","CHRNB1"
"ADGRA2","CHRND"
"ADGRA2","CHRNE"
"ADGRA2","CHRNG"
"ADGRA2","PREPL"
"ADGRA2","RPH3A"
"ADGRA2","SCN4A"
"ADGRA2","SLC18A3"
"ADGRA2","SLC5A7"
"ADGRA2","SNAP25"
"ADGRA2","SYT2"
"ADGRA2","UNC13B"
"ADGRA2","VAMP1"
"ADGRA2","SYNGR1"
"ADGRA2","DHRS11"
"ADGRA2","DPY19L2"
"ADGRA2","PIGW"
"ADGRA2","ZDHHC11"
"ADGRA2","CYP2A6"
"SLC49A3","CACNA1S"
"SLC49A3","SPATA6L"
"SLC49A3","TRPM1"
"SLC49A3","MINDY4"
"SLC49A3","ECEL1"
"SLC49A3","GOT1L1"
"SLC49A3","CHRNA1"
"SLC49A3","CHRNB1"
"SLC49A3","CHRND"
"SLC49A3","CHRNE"
"SLC49A3","CHRNG"
"SLC49A3","PREPL"
"SLC49A3","RPH3A"
"SLC49A3","SCN4A"
"SLC49A3","SLC18A3"
"SLC49A3","SLC5A7"
"SLC49A3","SNAP25"
"SLC49A3","SYT2"
"SLC49A3","UNC13B"
"SLC49A3","VAMP1"
"SLC49A3","SYNGR1"
"SLC49A3","DHRS11"
"SLC49A3","DPY19L2"
"SLC49A3","PIGW"
"SLC49A3","ZDHHC11"
"SLC49A3","CYP2A6"
"CACNA1S","SPATA6L"
"CACNA1S","TRPM1"
"CACNA1S","MINDY4"
"CACNA1S","ECEL1"
"CACNA1S","GOT1L1"
"CACNA1S","CHRNA1"
"CACNA1S","CHRNB1"
"CACNA1S","CHRND"
"CACNA1S","CHRNE"
"CACNA1S","CHRNG"
"CACNA1S","PREPL"
"CACNA1S","RPH3A"
"CACNA1S","SCN4A"
"CACNA1S","SLC18A3"
"CACNA1S","SLC5A7"
"CACNA1S","SNAP25"
"CACNA1S","SYT2"
"CACNA1S","UNC13B"
"CACNA1S","VAMP1"
"CACNA1S","SYNGR1"
"CACNA1S","DHRS11"
"CACNA1S","DPY19L2"
"CACNA1S","PIGW"
"CACNA1S","ZDHHC11"
"CACNA1S","CYP2A6"
"SPATA6L","TRPM1"
"SPATA6L","MINDY4"
"SPATA6L","ECEL1"
"SPATA6L","GOT1L1"
"SPATA6L","CHRNA1"
"SPATA6L","CHRNB1"
"SPATA6L","CHRND"
"SPATA6L","CHRNE"
"SPATA6L","CHRNG"
"SPATA6L","PREPL"
"SPATA6L","RPH3A"
"SPATA6L","SCN4A"
"SPATA6L","SLC18A3"
"SPATA6L","SLC5A7"
"SPATA6L","SNAP25"
"SPATA6L","SYT2"
"SPATA6L","UNC13B"
"SPATA6L","VAMP1"
"SPATA6L","SYNGR1"
"SPATA6L","DHRS11"
"SPATA6L","DPY19L2"
"SPATA6L","PIGW"
"SPATA6L","ZDHHC11"
"SPATA6L","CYP2A6"
"TRPM1","MINDY4"
"TRPM1","ECEL1"
"TRPM1","GOT1L1"
"TRPM1","CHRNA1"
"TRPM1","CHRNB1"
"TRPM1","CHRND"
"TRPM1","CHRNE"
"TRPM1","CHRNG"
"TRPM1","PREPL"
"TRPM1","RPH3A"
"TRPM1","SCN4A"
"TRPM1","SLC18A3"
"TRPM1","SLC5A7"
"TRPM1","SNAP25"
"TRPM1","SYT2"
"TRPM1","UNC13B"
"TRPM1","VAMP1"
"TRPM1","SYNGR1"
"TRPM1","DHRS11"
"TRPM1","DPY19L2"
"TRPM1","PIGW"
"TRPM1","ZDHHC11"
"TRPM1","CYP2A6"
"MINDY4","ECEL1"
"MINDY4","GOT1L1"
"MINDY4","CHRNA1"
"MINDY4","CHRNB1"
"MINDY4","CHRND"
"MINDY4","CHRNE"
"MINDY4","CHRNG"
"MINDY4","PREPL"
"MINDY4","RPH3A"
"MINDY4","SCN4A"
"MINDY4","SLC18A3"
"MINDY4","SLC5A7"
"MINDY4","SNAP25"
"MINDY4","SYT2"
"MINDY4","UNC13B"
"MINDY4","VAMP1"
"MINDY4","SYNGR1"
"MINDY4","DHRS11"
"MINDY4","DPY19L2"
"MINDY4","PIGW"
"MINDY4","ZDHHC11"
"MINDY4","CYP2A6"
"ECEL1","GOT1L1"
"ECEL1","CHRNA1"
"ECEL1","CHRNB1"
"ECEL1","CHRND"
"ECEL1","CHRNE"
"ECEL1","CHRNG"
"ECEL1","PREPL"
"ECEL1","RPH3A"
"ECEL1","SCN4A"
"ECEL1","SLC18A3"
"ECEL1","SLC5A7"
"ECEL1","SNAP25"
"ECEL1","SYT2"
"ECEL1","UNC13B"
"ECEL1","VAMP1"
"ECEL1","SYNGR1"
"ECEL1","DHRS11"
"ECEL1","DPY19L2"
"ECEL1","PIGW"
"ECEL1","ZDHHC11"
"ECEL1","CYP2A6"
"GOT1L1","CHRNA1"
"GOT1L1","CHRNB1"
"GOT1L1","CHRND"
"GOT1L1","CHRNE"
"GOT1L1","CHRNG"
"GOT1L1","PREPL"
"GOT1L1","RPH3A"
"GOT1L1","SCN4A"
"GOT1L1","SLC18A3"
"GOT1L1","SLC5A7"
"GOT1L1","SNAP25"
"GOT1L1","SYT2"
"GOT1L1","UNC13B"
"GOT1L1","VAMP1"
"GOT1L1","SYNGR1"
"GOT1L1","DHRS11"
"GOT1L1","DPY19L2"
"GOT1L1","PIGW"
"GOT1L1","ZDHHC11"
"GOT1L1","CYP2A6"
"CHRNA1","CHRNB1"
"CHRNA1","CHRND"
"CHRNA1","CHRNE"
"CHRNA1","CHRNG"
"CHRNA1","PREPL"
"CHRNA1","RPH3A"
"CHRNA1","SCN4A"
"CHRNA1","SLC18A3"
"CHRNA1","SLC5A7"
"CHRNA1","SNAP25"
"CHRNA1","SYT2"
"CHRNA1","UNC13B"
"CHRNA1","VAMP1"
"CHRNA1","SYNGR1"
"CHRNA1","DHRS11"
"CHRNA1","DPY19L2"
"CHRNA1","PIGW"
"CHRNA1","ZDHHC11"
"CHRNA1","CYP2A6"
"CHRNB1","CHRND"
"CHRNB1","CHRNE"
"CHRNB1","CHRNG"
"CHRNB1","PREPL"
"CHRNB1","RPH3A"
"CHRNB1","SCN4A"
"CHRNB1","SLC18A3"
"CHRNB1","SLC5A7"
"CHRNB1","SNAP25"
"CHRNB1","SYT2"
"CHRNB1","UNC13B"
"CHRNB1","VAMP1"
"CHRNB1","SYNGR1"
"CHRNB1","DHRS11"
"CHRNB1","DPY19L2"
"CHRNB1","PIGW"
"CHRNB1","ZDHHC11"
"CHRNB1","CYP2A6"
"CHRND","CHRNE"
"CHRND","CHRNG"
"CHRND","PREPL"
"CHRND","RPH3A"
"CHRND","SCN4A"
"CHRND","SLC18A3"
"CHRND","SLC5A7"
"CHRND","SNAP25"
"CHRND","SYT2"
"CHRND","UNC13B"
"CHRND","VAMP1"
"CHRND","SYNGR1"
"CHRND","DHRS11"
"CHRND","DPY19L2"
"CHRND","PIGW"
"CHRND","ZDHHC11"
"CHRND","CYP2A6"
"CHRNE","CHRNG"
"CHRNE","PREPL"
"CHRNE","RPH3A"
"CHRNE","SCN4A"
"CHRNE","SLC18A3"
"CHRNE","SLC5A7"
"CHRNE","SNAP25"
"CHRNE","SYT2"
"CHRNE","UNC13B"
"CHRNE","VAMP1"
"CHRNE","SYNGR1"
"CHRNE","DHRS11"
"CHRNE","DPY19L2"
"CHRNE","PIGW"
"CHRNE","ZDHHC11"
"CHRNE","CYP2A6"
"CHRNG","PREPL"
"CHRNG","RPH3A"
"CHRNG","SCN4A"
"CHRNG","SLC18A3"
"CHRNG","SLC5A7"
"CHRNG","SNAP25"
"CHRNG","SYT2"
"CHRNG","UNC13B"
"CHRNG","VAMP1"
"CHRNG","SYNGR1"
"CHRNG","DHRS11"
"CHRNG","DPY19L2"
"CHRNG","PIGW"
"CHRNG","ZDHHC11"
"CHRNG","CYP2A6"
"PREPL","RPH3A"
"PREPL","SCN4A"
"PREPL","SLC18A3"
"PREPL","SLC5A7"
"PREPL","SNAP25"
"PREPL","SYT2"
"PREPL","UNC13B"
"PREPL","VAMP1"
"PREPL","SYNGR1"
"PREPL","DHRS11"
"PREPL","DPY19L2"
"PREPL","PIGW"
"PREPL","ZDHHC11"
"PREPL","CYP2A6"
"RPH3A","SCN4A"
"RPH3A","SLC18A3"
"RPH3A","SLC5A7"
"RPH3A","SNAP25"
"RPH3A","SYT2"
"RPH3A","UNC13B"
"RPH3A","VAMP1"
"RPH3A","SYNGR1"
"RPH3A","DHRS11"
"RPH3A","DPY19L2"
"RPH3A","PIGW"
"RPH3A","ZDHHC11"
"RPH3A","CYP2A6"
"SCN4A","SLC18A3"
"SCN4A","SLC5A7"
"SCN4A","SNAP25"
"SCN4A","SYT2"
"SCN4A","UNC13B"
"SCN4A","VAMP1"
"SCN4A","SYNGR1"
"SCN4A","DHRS11"
"SCN4A","DPY19L2"
"SCN4A","PIGW"
"SCN4A","ZDHHC11"
"SCN4A","CYP2A6"
"SLC18A3","SLC5A7"
"SLC18A3","SNAP25"
"SLC18A3","SYT2"
"SLC18A3","UNC13B"
"SLC18A3","VAMP1"
"SLC18A3","SYNGR1"
"SLC18A3","DHRS11"
"SLC18A3","DPY19L2"
"SLC18A3","PIGW"
"SLC18A3","ZDHHC11"
"SLC18A3","CYP2A6"
"SLC5A7","SNAP25"
"SLC5A7","SYT2"
"SLC5A7","UNC13B"
"SLC5A7","VAMP1"
"SLC5A7","SYNGR1"
"SLC5A7","DHRS11"
"SLC5A7","DPY19L2"
"SLC5A7","PIGW"
"SLC5A7","ZDHHC11"
"SLC5A7","CYP2A6"
"SNAP25","SYT2"
"SNAP25","UNC13B"
"SNAP25","VAMP1"
"SNAP25","SYNGR1"
"SNAP25","DHRS11"
"SNAP25","DPY19L2"
"SNAP25","PIGW"
"SNAP25","ZDHHC11"
"SNAP25","CYP2A6"
"SYT2","UNC13B"
"SYT2","VAMP1"
"SYT2","SYNGR1"
"SYT2","DHRS11"
"SYT2","DPY19L2"
"SYT2","PIGW"
"SYT2","ZDHHC11"
"SYT2","CYP2A6"
"UNC13B","VAMP1"
"UNC13B","SYNGR1"
"UNC13B","DHRS11"
"UNC13B","DPY19L2"
"UNC13B","PIGW"
"UNC13B","ZDHHC11"
"UNC13B","CYP2A6"
"VAMP1","SYNGR1"
"VAMP1","DHRS11"
"VAMP1","DPY19L2"
"VAMP1","PIGW"
"VAMP1","ZDHHC11"
"VAMP1","CYP2A6"
"SYNGR1","DHRS11"
"SYNGR1","DPY19L2"
"SYNGR1","PIGW"
"SYNGR1","ZDHHC11"
"SYNGR1","CYP2A6"
"DHRS11","DPY19L2"
"DHRS11","PIGW"
"DHRS11","ZDHHC11"
"DHRS11","CYP2A6"
"DPY19L2","PIGW"
"DPY19L2","ZDHHC11"
"DPY19L2","CYP2A6"
"PIGW","ZDHHC11"
"PIGW","CYP2A6"
"ZDHHC11","CYP2A6"
"TBC1D3","TBC1D3"
"DEFB107A","DEFB107A"
