Var1,Var2,value
KRT79,AGRN,8
MICALL2,AGRN,6
NPHP3,AGRN,8
RP1,AGRN,6
DNAH7,AGRN,8
FHOD3,AGRN,8
HSPG2,AGRN,0
LEFTY2,AGRN,1
NCKAP5L,AGRN,8
NOTCH4,AGRN,4
PRRT3,AGRN,6
PTPN14,AGRN,6
SMTN,AGRN,7
TOR2A,AGRN,8
C1orf94,AGRN,8
CASP5,AGRN,8
DMXL2,AGRN,6
KIAA1109,AGRN,8
LILRA1,AGRN,4
LOXL3,AGRN,0
LRP2,AGRN,6
NAT8B,AGRN,8
UNC13C,AGRN,6
ZP4,AGRN,2
ABCB5,AGRN,8
AMPD1,AGRN,8
ATP6V0A4,AGRN,8
CFHR5,AGRN,5
LBP,AGRN,4
OTOP1,AGRN,8
PLB1,AGRN,8
RPL3L,AGRN,8
SLC28A1,AGRN,7
SLC44A4,AGRN,8
SPTBN5,AGRN,6
TNXB,AGRN,0
VWA5B2,AGRN,6
ZNF778,AGRN,8
ANKRD12,AGRN,8
CDH23,AGRN,4
CES5A,AGRN,8
CHGB,AGRN,0
FGL1,AGRN,3
MCM8,AGRN,8
MYBPC2,AGRN,4
MYH15,AGRN,7
SELENOO,AGRN,8
ZNF273,AGRN,8
BAIAP3,AGRN,6
C2CD3,AGRN,8
CFB,AGRN,4
COL15A1,AGRN,0
FHAD1,AGRN,8
HEATR1,AGRN,8
LAMA2,AGRN,0
OR10G9,AGRN,8
DNAAF1,AGRN,8
DNAH17,AGRN,5
DNAH3,AGRN,8
NBEA,AGRN,8
SIGLEC12,AGRN,4
TNC,AGRN,0
WDSUB1,AGRN,8
ZC3H3,AGRN,8
ACOT2,AGRN,8
CDH3,AGRN,4
FAAP100,AGRN,8
FCGBP,AGRN,8
PPFIBP2,AGRN,5
RPTN,AGRN,8
USP8,AGRN,8
ALG14,AGRN,8
ALG2,AGRN,8
CHAT,AGRN,8
CHRNA1,AGRN,7
CHRNB1,AGRN,7
CHRNE,AGRN,7
CHRNG,AGRN,7
COL13A1,AGRN,0
COLQ,AGRN,2
DOK7,AGRN,6
DPAGT1,AGRN,8
GFPT1,AGRN,8
GMPPB,AGRN,8
LAMA5,AGRN,0
LAMB2,AGRN,0
LRP4,AGRN,0
MYO9A,AGRN,6
PLEC,AGRN,0
PREPL,AGRN,8
RAPSN,AGRN,6
RPH3A,AGRN,6
SCN4A,AGRN,7
SLC18A3,AGRN,7
SLC25A1,AGRN,8
SLC5A7,AGRN,7
SYT2,AGRN,6
UNC13B,AGRN,6
VAMP1,AGRN,6
USH2A,AGRN,0
UBE2D1,AGRN,8
ATAD3B,AGRN,6
TPCN2,AGRN,7
AKNAD1,AGRN,7
CLCNKB,AGRN,7
CASP12,AGRN,8
PSG5,AGRN,1
DEFB115,AGRN,7
ATAD3C,AGRN,8
AGRN,KIF13B,7
KRT79,KIF13B,8
MICALL2,KIF13B,7
NPHP3,KIF13B,6
RAD51AP1,KIF13B,6
RP1,KIF13B,7
DNAH7,KIF13B,1
FHOD3,KIF13B,7
HSPG2,KIF13B,7
LEFTY2,KIF13B,7
NCKAP5L,KIF13B,3
NOTCH4,KIF13B,7
PRRT3,KIF13B,7
PTPN14,KIF13B,7
SMTN,KIF13B,8
SRMS,KIF13B,7
TOR2A,KIF13B,7
C1orf94,KIF13B,7
CASP5,KIF13B,7
DMXL2,KIF13B,7
KIAA1109,KIF13B,7
LILRA1,KIF13B,7
LOXL3,KIF13B,7
LRP2,KIF13B,7
NAT8B,KIF13B,7
UNC13C,KIF13B,7
ZP4,KIF13B,7
ABCB5,KIF13B,7
AMPD1,KIF13B,7
ATP6V0A4,KIF13B,7
CFHR5,KIF13B,8
LBP,KIF13B,7
OTOP1,KIF13B,7
PLB1,KIF13B,7
RPL3L,KIF13B,7
SLC28A1,KIF13B,8
SLC44A4,KIF13B,7
SPTBN5,KIF13B,7
TNXB,KIF13B,7
VWA5B2,KIF13B,7
ZNF778,KIF13B,8
ANKRD12,KIF13B,7
CDH23,KIF13B,7
CES5A,KIF13B,7
CHGB,KIF13B,7
FGL1,KIF13B,7
MCM8,KIF13B,6
MYBPC2,KIF13B,7
MYH15,KIF13B,8
SELENOO,KIF13B,7
ZNF273,KIF13B,8
BAIAP3,KIF13B,7
C2CD3,KIF13B,1
CFB,KIF13B,7
COL15A1,KIF13B,7
FHAD1,KIF13B,7
HEATR1,KIF13B,7
LAMA2,KIF13B,7
OR10G9,KIF13B,8
DNAAF1,KIF13B,1
DNAH17,KIF13B,7
DNAH3,KIF13B,1
NBEA,KIF13B,7
SIGLEC12,KIF13B,7
TNC,KIF13B,7
WDSUB1,KIF13B,7
ZC3H3,KIF13B,7
ACOT2,KIF13B,7
CDH3,KIF13B,7
FAAP100,KIF13B,7
FCGBP,KIF13B,7
PPFIBP2,KIF13B,7
RPTN,KIF13B,8
USP8,KIF13B,7
AGRN,KIF13B,7
ALG14,KIF13B,7
ALG2,KIF13B,7
CHAT,KIF13B,7
CHRNA1,KIF13B,8
CHRNB1,KIF13B,8
CHRNE,KIF13B,8
CHRNG,KIF13B,8
COL13A1,KIF13B,7
COLQ,KIF13B,8
DOK7,KIF13B,7
DPAGT1,KIF13B,7
GFPT1,KIF13B,7
GMPPB,KIF13B,7
LAMA5,KIF13B,7
LAMB2,KIF13B,7
LRP4,KIF13B,7
MUSK,KIF13B,7
MYO9A,KIF13B,7
PLEC,KIF13B,7
PREPL,KIF13B,7
RAPSN,KIF13B,7
RPH3A,KIF13B,7
SCN4A,KIF13B,8
SLC18A3,KIF13B,6
SLC25A1,KIF13B,7
SLC5A7,KIF13B,8
SYT2,KIF13B,7
UNC13B,KIF13B,7
VAMP1,KIF13B,7
USH2A,KIF13B,7
UBE2D1,KIF13B,7
ATAD3B,KIF13B,7
TPCN2,KIF13B,8
AKNAD1,KIF13B,8
CLCNKB,KIF13B,8
CASP12,KIF13B,7
PSG5,KIF13B,7
DEFB115,KIF13B,8
ATAD3C,KIF13B,7
MICALL2,KRT79,8
NPHP3,KRT79,4
NCKAP5L,KRT79,8
PRRT3,KRT79,8
TOR2A,KRT79,8
DMXL2,KRT79,8
LILRA1,KRT79,8
NAT8B,KRT79,8
UNC13C,KRT79,8
ZP4,KRT79,7
ABCB5,KRT79,8
AMPD1,KRT79,8
ATP6V0A4,KRT79,8
CFHR5,KRT79,7
OTOP1,KRT79,8
PLB1,KRT79,8
SLC28A1,KRT79,8
SLC44A4,KRT79,8
VWA5B2,KRT79,8
ZNF778,KRT79,8
CDH23,KRT79,8
CES5A,KRT79,8
MYH15,KRT79,8
SELENOO,KRT79,8
ZNF273,KRT79,8
BAIAP3,KRT79,8
FHAD1,KRT79,8
OR10G9,KRT79,8
DNAAF1,KRT79,8
DNAH17,KRT79,8
DNAH3,KRT79,8
ZC3H3,KRT79,8
ACOT2,KRT79,8
FCGBP,KRT79,8
RPTN,KRT79,0
ALG14,KRT79,8
CHRNA1,KRT79,8
CHRNE,KRT79,8
COL13A1,KRT79,8
COLQ,KRT79,8
DPAGT1,KRT79,8
LRP4,KRT79,8
RPH3A,KRT79,8
SCN4A,KRT79,8
SLC18A3,KRT79,8
SLC25A1,KRT79,8
SLC5A7,KRT79,8
UNC13B,KRT79,8
TPCN2,KRT79,8
AKNAD1,KRT79,8
CLCNKB,KRT79,8
CASP12,KRT79,8
DEFB115,KRT79,8
ATAD3C,KRT79,8
PRRT3,MICALL2,6
NAT8B,MICALL2,8
ZP4,MICALL2,6
SLC44A4,MICALL2,8
VWA5B2,MICALL2,5
ZNF778,MICALL2,8
CES5A,MICALL2,8
ZNF273,MICALL2,8
FHAD1,MICALL2,8
DNAH17,MICALL2,6
ACOT2,MICALL2,8
SLC18A3,MICALL2,6
DEFB115,MICALL2,7
MICALL2,NPHP3,8
PRRT3,NPHP3,8
NAT8B,NPHP3,7
ZP4,NPHP3,7
ABCB5,NPHP3,7
OTOP1,NPHP3,7
SLC44A4,NPHP3,7
VWA5B2,NPHP3,8
ZNF778,NPHP3,8
CDH23,NPHP3,8
CES5A,NPHP3,7
ZNF273,NPHP3,8
FHAD1,NPHP3,7
DNAH17,NPHP3,8
DNAH3,NPHP3,6
ACOT2,NPHP3,7
ALG14,NPHP3,7
COL13A1,NPHP3,8
COLQ,NPHP3,8
LRP4,NPHP3,8
SCN4A,NPHP3,8
SLC18A3,NPHP3,7
SLC5A7,NPHP3,8
AKNAD1,NPHP3,8
CASP12,NPHP3,7
DEFB115,NPHP3,8
AGRN,RAD51AP1,8
KRT79,RAD51AP1,8
MICALL2,RAD51AP1,8
NPHP3,RAD51AP1,7
RP1,RAD51AP1,8
DNAH7,RAD51AP1,5
FHOD3,RAD51AP1,6
HSPG2,RAD51AP1,8
LEFTY2,RAD51AP1,8
NCKAP5L,RAD51AP1,5
NOTCH4,RAD51AP1,8
PRRT3,RAD51AP1,8
PTPN14,RAD51AP1,8
SMTN,RAD51AP1,8
SRMS,RAD51AP1,8
TOR2A,RAD51AP1,7
C1orf94,RAD51AP1,7
CASP5,RAD51AP1,6
DMXL2,RAD51AP1,8
KIAA1109,RAD51AP1,6
LILRA1,RAD51AP1,8
LOXL3,RAD51AP1,8
LRP2,RAD51AP1,8
NAT8B,RAD51AP1,5
UNC13C,RAD51AP1,8
ZP4,RAD51AP1,8
ABCB5,RAD51AP1,6
AMPD1,RAD51AP1,7
ATP6V0A4,RAD51AP1,7
CFHR5,RAD51AP1,8
LBP,RAD51AP1,8
OTOP1,RAD51AP1,7
PLB1,RAD51AP1,7
RPL3L,RAD51AP1,7
SLC28A1,RAD51AP1,8
SLC44A4,RAD51AP1,7
SPTBN5,RAD51AP1,8
TNXB,RAD51AP1,8
VWA5B2,RAD51AP1,8
ZNF778,RAD51AP1,8
ANKRD12,RAD51AP1,5
CDH23,RAD51AP1,8
CES5A,RAD51AP1,7
CHGB,RAD51AP1,8
FGL1,RAD51AP1,7
MCM8,RAD51AP1,0
MYBPC2,RAD51AP1,8
MYH15,RAD51AP1,8
SELENOO,RAD51AP1,7
ZNF273,RAD51AP1,8
BAIAP3,RAD51AP1,8
C2CD3,RAD51AP1,5
CFB,RAD51AP1,8
COL15A1,RAD51AP1,8
FHAD1,RAD51AP1,7
HEATR1,RAD51AP1,7
LAMA2,RAD51AP1,8
OR10G9,RAD51AP1,8
DNAAF1,RAD51AP1,5
DNAH17,RAD51AP1,8
DNAH3,RAD51AP1,6
NBEA,RAD51AP1,7
SIGLEC12,RAD51AP1,8
TNC,RAD51AP1,8
WDSUB1,RAD51AP1,6
ZC3H3,RAD51AP1,7
ACOT2,RAD51AP1,7
CDH3,RAD51AP1,8
FAAP100,RAD51AP1,1
FCGBP,RAD51AP1,4
PPFIBP2,RAD51AP1,8
RPTN,RAD51AP1,8
USP8,RAD51AP1,6
AGRN,RAD51AP1,8
ALG14,RAD51AP1,7
ALG2,RAD51AP1,7
CHAT,RAD51AP1,7
CHRNA1,RAD51AP1,8
CHRNB1,RAD51AP1,8
CHRNE,RAD51AP1,8
CHRNG,RAD51AP1,8
COL13A1,RAD51AP1,8
COLQ,RAD51AP1,8
DOK7,RAD51AP1,8
DPAGT1,RAD51AP1,7
GFPT1,RAD51AP1,7
GMPPB,RAD51AP1,7
LAMA5,RAD51AP1,8
LAMB2,RAD51AP1,8
LRP4,RAD51AP1,8
MUSK,RAD51AP1,8
MYO9A,RAD51AP1,8
PLEC,RAD51AP1,8
PREPL,RAD51AP1,7
RAPSN,RAD51AP1,8
RPH3A,RAD51AP1,8
SCN4A,RAD51AP1,8
SLC18A3,RAD51AP1,7
SLC25A1,RAD51AP1,7
SLC5A7,RAD51AP1,8
SYT2,RAD51AP1,8
UNC13B,RAD51AP1,8
VAMP1,RAD51AP1,8
USH2A,RAD51AP1,8
UBE2D1,RAD51AP1,6
ATAD3B,RAD51AP1,8
TPCN2,RAD51AP1,8
AKNAD1,RAD51AP1,8
CLCNKB,RAD51AP1,8
CASP12,RAD51AP1,6
PSG5,RAD51AP1,8
DEFB115,RAD51AP1,8
ATAD3C,RAD51AP1,7
KRT79,RP1,8
MICALL2,RP1,5
NPHP3,RP1,8
DNAH7,RP1,8
FHOD3,RP1,7
LEFTY2,RP1,6
NCKAP5L,RP1,8
PRRT3,RP1,6
TOR2A,RP1,8
CASP5,RP1,8
DMXL2,RP1,5
KIAA1109,RP1,8
LILRA1,RP1,6
LOXL3,RP1,6
NAT8B,RP1,8
UNC13C,RP1,5
ZP4,RP1,6
ABCB5,RP1,6
AMPD1,RP1,8
ATP6V0A4,RP1,8
CFHR5,RP1,7
LBP,RP1,6
OTOP1,RP1,8
PLB1,RP1,8
SLC28A1,RP1,7
SLC44A4,RP1,8
TNXB,RP1,6
VWA5B2,RP1,5
ZNF778,RP1,8
CDH23,RP1,6
CES5A,RP1,8
CHGB,RP1,6
FGL1,RP1,8
MCM8,RP1,8
MYH15,RP1,7
SELENOO,RP1,8
ZNF273,RP1,8
BAIAP3,RP1,5
FHAD1,RP1,8
HEATR1,RP1,8
OR10G9,RP1,8
DNAAF1,RP1,8
DNAH17,RP1,6
DNAH3,RP1,8
ZC3H3,RP1,8
ACOT2,RP1,8
CDH3,RP1,6
FAAP100,RP1,8
FCGBP,RP1,8
PPFIBP2,RP1,6
RPTN,RP1,8
ALG14,RP1,8
ALG2,RP1,8
CHRNA1,RP1,7
CHRNB1,RP1,7
CHRNE,RP1,7
COL13A1,RP1,6
COLQ,RP1,7
DOK7,RP1,5
DPAGT1,RP1,8
GMPPB,RP1,8
LAMB2,RP1,6
LRP4,RP1,6
MYO9A,RP1,5
RAPSN,RP1,6
RPH3A,RP1,5
SCN4A,RP1,7
SLC18A3,RP1,6
SLC25A1,RP1,8
SLC5A7,RP1,7
SYT2,RP1,5
UNC13B,RP1,5
TPCN2,RP1,7
AKNAD1,RP1,6
CLCNKB,RP1,7
CASP12,RP1,8
DEFB115,RP1,7
ATAD3C,RP1,8
KRT79,DNAH7,8
MICALL2,DNAH7,8
NPHP3,DNAH7,6
FHOD3,DNAH7,6
LEFTY2,DNAH7,8
NCKAP5L,DNAH7,2
PRRT3,DNAH7,8
TOR2A,DNAH7,7
CASP5,DNAH7,6
DMXL2,DNAH7,8
KIAA1109,DNAH7,6
LILRA1,DNAH7,8
NAT8B,DNAH7,6
UNC13C,DNAH7,8
ZP4,DNAH7,8
ABCB5,DNAH7,6
AMPD1,DNAH7,7
ATP6V0A4,DNAH7,7
CFHR5,DNAH7,8
LBP,DNAH7,8
OTOP1,DNAH7,7
PLB1,DNAH7,7
SLC28A1,DNAH7,8
SLC44A4,DNAH7,7
TNXB,DNAH7,8
VWA5B2,DNAH7,8
ZNF778,DNAH7,8
CDH23,DNAH7,8
CES5A,DNAH7,7
CHGB,DNAH7,8
FGL1,DNAH7,7
MYH15,DNAH7,8
SELENOO,DNAH7,7
ZNF273,DNAH7,8
BAIAP3,DNAH7,8
FHAD1,DNAH7,7
HEATR1,DNAH7,7
OR10G9,DNAH7,8
DNAAF1,DNAH7,0
DNAH17,DNAH7,8
DNAH3,DNAH7,1
ZC3H3,DNAH7,7
ACOT2,DNAH7,7
CDH3,DNAH7,8
FAAP100,DNAH7,6
FCGBP,DNAH7,6
PPFIBP2,DNAH7,8
RPTN,DNAH7,8
ALG14,DNAH7,7
ALG2,DNAH7,7
CHRNA1,DNAH7,8
CHRNB1,DNAH7,8
CHRNE,DNAH7,8
COL13A1,DNAH7,8
COLQ,DNAH7,8
DOK7,DNAH7,8
DPAGT1,DNAH7,7
LAMB2,DNAH7,8
LRP4,DNAH7,8
MYO9A,DNAH7,8
RPH3A,DNAH7,8
SCN4A,DNAH7,8
SLC18A3,DNAH7,7
SLC25A1,DNAH7,7
SLC5A7,DNAH7,8
UNC13B,DNAH7,8
TPCN2,DNAH7,8
AKNAD1,DNAH7,8
CLCNKB,DNAH7,8
CASP12,DNAH7,6
DEFB115,DNAH7,8
ATAD3C,DNAH7,7
KRT79,FHOD3,8
MICALL2,FHOD3,8
NPHP3,FHOD3,7
LEFTY2,FHOD3,8
NCKAP5L,FHOD3,6
PRRT3,FHOD3,8
TOR2A,FHOD3,7
CASP5,FHOD3,2
DMXL2,FHOD3,8
LILRA1,FHOD3,8
NAT8B,FHOD3,6
UNC13C,FHOD3,8
ZP4,FHOD3,8
ABCB5,FHOD3,4
AMPD1,FHOD3,7
ATP6V0A4,FHOD3,7
CFHR5,FHOD3,8
LBP,FHOD3,8
OTOP1,FHOD3,7
PLB1,FHOD3,7
SLC28A1,FHOD3,8
SLC44A4,FHOD3,7
TNXB,FHOD3,8
VWA5B2,FHOD3,8
ZNF778,FHOD3,8
CDH23,FHOD3,8
CES5A,FHOD3,7
CHGB,FHOD3,8
MYH15,FHOD3,8
SELENOO,FHOD3,6
ZNF273,FHOD3,8
BAIAP3,FHOD3,8
FHAD1,FHOD3,7
OR10G9,FHOD3,8
DNAAF1,FHOD3,6
DNAH17,FHOD3,8
DNAH3,FHOD3,7
ZC3H3,FHOD3,7
ACOT2,FHOD3,7
FAAP100,FHOD3,6
FCGBP,FHOD3,6
RPTN,FHOD3,8
ALG14,FHOD3,7
ALG2,FHOD3,7
CHRNA1,FHOD3,8
CHRNB1,FHOD3,8
CHRNE,FHOD3,8
COL13A1,FHOD3,8
COLQ,FHOD3,8
DPAGT1,FHOD3,7
LRP4,FHOD3,8
RPH3A,FHOD3,8
SCN4A,FHOD3,8
SLC18A3,FHOD3,7
SLC25A1,FHOD3,7
SLC5A7,FHOD3,8
UNC13B,FHOD3,8
TPCN2,FHOD3,8
AKNAD1,FHOD3,8
CLCNKB,FHOD3,8
CASP12,FHOD3,2
DEFB115,FHOD3,8
ATAD3C,FHOD3,7
KRT79,HSPG2,8
MICALL2,HSPG2,6
NPHP3,HSPG2,8
RP1,HSPG2,6
DNAH7,HSPG2,8
FHOD3,HSPG2,8
LEFTY2,HSPG2,1
NCKAP5L,HSPG2,8
NOTCH4,HSPG2,4
PRRT3,HSPG2,6
PTPN14,HSPG2,6
SMTN,HSPG2,7
TOR2A,HSPG2,8
C1orf94,HSPG2,8
CASP5,HSPG2,8
DMXL2,HSPG2,6
KIAA1109,HSPG2,8
LILRA1,HSPG2,4
LOXL3,HSPG2,0
LRP2,HSPG2,6
NAT8B,HSPG2,8
UNC13C,HSPG2,6
ZP4,HSPG2,2
ABCB5,HSPG2,8
AMPD1,HSPG2,8
ATP6V0A4,HSPG2,8
CFHR5,HSPG2,5
LBP,HSPG2,4
OTOP1,HSPG2,8
PLB1,HSPG2,8
RPL3L,HSPG2,8
SLC28A1,HSPG2,7
SLC44A4,HSPG2,8
SPTBN5,HSPG2,6
TNXB,HSPG2,0
VWA5B2,HSPG2,6
ZNF778,HSPG2,8
ANKRD12,HSPG2,8
CDH23,HSPG2,4
CES5A,HSPG2,8
CHGB,HSPG2,0
FGL1,HSPG2,3
MCM8,HSPG2,8
MYBPC2,HSPG2,4
MYH15,HSPG2,7
SELENOO,HSPG2,8
ZNF273,HSPG2,8
BAIAP3,HSPG2,6
C2CD3,HSPG2,8
CFB,HSPG2,4
COL15A1,HSPG2,0
FHAD1,HSPG2,8
HEATR1,HSPG2,8
LAMA2,HSPG2,0
OR10G9,HSPG2,8
DNAAF1,HSPG2,8
DNAH17,HSPG2,5
DNAH3,HSPG2,8
NBEA,HSPG2,8
SIGLEC12,HSPG2,4
WDSUB1,HSPG2,8
ZC3H3,HSPG2,8
ACOT2,HSPG2,8
CDH3,HSPG2,4
FAAP100,HSPG2,8
FCGBP,HSPG2,8
PPFIBP2,HSPG2,5
RPTN,HSPG2,8
USP8,HSPG2,8
ALG14,HSPG2,8
ALG2,HSPG2,8
CHAT,HSPG2,8
CHRNA1,HSPG2,7
CHRNB1,HSPG2,7
CHRNE,HSPG2,7
CHRNG,HSPG2,7
COL13A1,HSPG2,0
COLQ,HSPG2,2
DOK7,HSPG2,6
DPAGT1,HSPG2,8
GFPT1,HSPG2,8
GMPPB,HSPG2,8
LAMA5,HSPG2,0
LAMB2,HSPG2,0
LRP4,HSPG2,0
MYO9A,HSPG2,6
PLEC,HSPG2,0
PREPL,HSPG2,8
RAPSN,HSPG2,6
RPH3A,HSPG2,6
SCN4A,HSPG2,7
SLC18A3,HSPG2,7
SLC25A1,HSPG2,8
SLC5A7,HSPG2,7
SYT2,HSPG2,6
UNC13B,HSPG2,6
VAMP1,HSPG2,6
USH2A,HSPG2,0
UBE2D1,HSPG2,8
ATAD3B,HSPG2,6
TPCN2,HSPG2,7
AKNAD1,HSPG2,7
CLCNKB,HSPG2,7
CASP12,HSPG2,8
PSG5,HSPG2,1
DEFB115,HSPG2,7
ATAD3C,HSPG2,8
KRT79,LEFTY2,8
MICALL2,LEFTY2,5
NPHP3,LEFTY2,8
NCKAP5L,LEFTY2,8
PRRT3,LEFTY2,6
TOR2A,LEFTY2,8
DMXL2,LEFTY2,6
LILRA1,LEFTY2,4
NAT8B,LEFTY2,8
UNC13C,LEFTY2,6
ZP4,LEFTY2,2
ABCB5,LEFTY2,8
AMPD1,LEFTY2,8
ATP6V0A4,LEFTY2,8
CFHR5,LEFTY2,5
LBP,LEFTY2,4
OTOP1,LEFTY2,8
PLB1,LEFTY2,8
SLC28A1,LEFTY2,7
SLC44A4,LEFTY2,8
VWA5B2,LEFTY2,6
ZNF778,LEFTY2,8
CDH23,LEFTY2,4
CES5A,LEFTY2,8
CHGB,LEFTY2,1
MYH15,LEFTY2,7
SELENOO,LEFTY2,8
ZNF273,LEFTY2,8
BAIAP3,LEFTY2,6
FHAD1,LEFTY2,8
OR10G9,LEFTY2,8
DNAAF1,LEFTY2,8
DNAH17,LEFTY2,5
DNAH3,LEFTY2,8
ZC3H3,LEFTY2,8
ACOT2,LEFTY2,8
FAAP100,LEFTY2,8
FCGBP,LEFTY2,8
RPTN,LEFTY2,8
ALG14,LEFTY2,8
ALG2,LEFTY2,8
CHRNA1,LEFTY2,7
CHRNB1,LEFTY2,7
CHRNE,LEFTY2,7
COL13A1,LEFTY2,1
COLQ,LEFTY2,3
DPAGT1,LEFTY2,8
LRP4,LEFTY2,1
RPH3A,LEFTY2,6
SCN4A,LEFTY2,7
SLC18A3,LEFTY2,7
SLC25A1,LEFTY2,8
SLC5A7,LEFTY2,7
UNC13B,LEFTY2,6
TPCN2,LEFTY2,7
AKNAD1,LEFTY2,7
CLCNKB,LEFTY2,7
CASP12,LEFTY2,8
DEFB115,LEFTY2,7
ATAD3C,LEFTY2,8
MICALL2,NCKAP5L,8
NPHP3,NCKAP5L,7
PRRT3,NCKAP5L,8
TOR2A,NCKAP5L,7
DMXL2,NCKAP5L,8
LILRA1,NCKAP5L,8
NAT8B,NCKAP5L,6
UNC13C,NCKAP5L,8
ZP4,NCKAP5L,8
ABCB5,NCKAP5L,6
AMPD1,NCKAP5L,7
ATP6V0A4,NCKAP5L,7
CFHR5,NCKAP5L,8
OTOP1,NCKAP5L,7
PLB1,NCKAP5L,7
SLC28A1,NCKAP5L,8
SLC44A4,NCKAP5L,7
VWA5B2,NCKAP5L,8
ZNF778,NCKAP5L,8
CDH23,NCKAP5L,8
CES5A,NCKAP5L,7
MYH15,NCKAP5L,8
SELENOO,NCKAP5L,7
ZNF273,NCKAP5L,8
BAIAP3,NCKAP5L,8
FHAD1,NCKAP5L,7
OR10G9,NCKAP5L,8
DNAH17,NCKAP5L,8
DNAH3,NCKAP5L,3
ZC3H3,NCKAP5L,7
ACOT2,NCKAP5L,7
FCGBP,NCKAP5L,6
RPTN,NCKAP5L,8
ALG14,NCKAP5L,7
CHRNA1,NCKAP5L,8
CHRNE,NCKAP5L,8
COL13A1,NCKAP5L,8
COLQ,NCKAP5L,8
DPAGT1,NCKAP5L,7
LRP4,NCKAP5L,8
SCN4A,NCKAP5L,8
SLC18A3,NCKAP5L,7
SLC25A1,NCKAP5L,7
SLC5A7,NCKAP5L,8
UNC13B,NCKAP5L,8
TPCN2,NCKAP5L,8
AKNAD1,NCKAP5L,8
CLCNKB,NCKAP5L,8
CASP12,NCKAP5L,6
DEFB115,NCKAP5L,8
ATAD3C,NCKAP5L,7
KRT79,NOTCH4,8
MICALL2,NOTCH4,6
NPHP3,NOTCH4,8
RP1,NOTCH4,6
DNAH7,NOTCH4,8
FHOD3,NOTCH4,8
LEFTY2,NOTCH4,4
NCKAP5L,NOTCH4,8
PRRT3,NOTCH4,6
PTPN14,NOTCH4,6
TOR2A,NOTCH4,8
CASP5,NOTCH4,8
DMXL2,NOTCH4,6
KIAA1109,NOTCH4,8
LILRA1,NOTCH4,4
LOXL3,NOTCH4,4
LRP2,NOTCH4,6
NAT8B,NOTCH4,8
UNC13C,NOTCH4,6
ZP4,NOTCH4,5
ABCB5,NOTCH4,8
AMPD1,NOTCH4,8
ATP6V0A4,NOTCH4,8
CFHR5,NOTCH4,5
LBP,NOTCH4,4
OTOP1,NOTCH4,6
PLB1,NOTCH4,8
RPL3L,NOTCH4,8
SLC28A1,NOTCH4,7
SLC44A4,NOTCH4,8
SPTBN5,NOTCH4,6
TNXB,NOTCH4,4
VWA5B2,NOTCH4,6
ZNF778,NOTCH4,8
ANKRD12,NOTCH4,6
CDH23,NOTCH4,4
CES5A,NOTCH4,8
CHGB,NOTCH4,4
FGL1,NOTCH4,7
MCM8,NOTCH4,8
MYH15,NOTCH4,7
SELENOO,NOTCH4,8
ZNF273,NOTCH4,8
BAIAP3,NOTCH4,6
CFB,NOTCH4,4
COL15A1,NOTCH4,4
FHAD1,NOTCH4,8
HEATR1,NOTCH4,8
LAMA2,NOTCH4,4
OR10G9,NOTCH4,8
DNAAF1,NOTCH4,8
DNAH17,NOTCH4,5
DNAH3,NOTCH4,8
NBEA,NOTCH4,8
SIGLEC12,NOTCH4,4
WDSUB1,NOTCH4,8
ZC3H3,NOTCH4,8
ACOT2,NOTCH4,8
CDH3,NOTCH4,4
FAAP100,NOTCH4,8
FCGBP,NOTCH4,8
PPFIBP2,NOTCH4,5
RPTN,NOTCH4,8
USP8,NOTCH4,8
ALG14,NOTCH4,8
ALG2,NOTCH4,8
CHAT,NOTCH4,8
CHRNA1,NOTCH4,7
CHRNB1,NOTCH4,7
CHRNE,NOTCH4,7
CHRNG,NOTCH4,7
COL13A1,NOTCH4,4
COLQ,NOTCH4,6
DOK7,NOTCH4,6
DPAGT1,NOTCH4,8
GFPT1,NOTCH4,8
GMPPB,NOTCH4,8
LAMA5,NOTCH4,4
LAMB2,NOTCH4,4
LRP4,NOTCH4,4
MYO9A,NOTCH4,6
PLEC,NOTCH4,4
PREPL,NOTCH4,8
RAPSN,NOTCH4,6
RPH3A,NOTCH4,6
SCN4A,NOTCH4,7
SLC18A3,NOTCH4,7
SLC25A1,NOTCH4,8
SLC5A7,NOTCH4,7
SYT2,NOTCH4,6
UNC13B,NOTCH4,6
VAMP1,NOTCH4,6
USH2A,NOTCH4,4
ATAD3B,NOTCH4,6
TPCN2,NOTCH4,7
AKNAD1,NOTCH4,7
CLCNKB,NOTCH4,7
CASP12,NOTCH4,8
PSG5,NOTCH4,4
DEFB115,NOTCH4,7
ATAD3C,NOTCH4,8
SLC44A4,PRRT3,8
CES5A,PRRT3,8
DEFB115,PRRT3,7
KRT79,PTPN14,8
MICALL2,PTPN14,6
NPHP3,PTPN14,8
RP1,PTPN14,6
DNAH7,PTPN14,8
FHOD3,PTPN14,8
LEFTY2,PTPN14,6
NCKAP5L,PTPN14,8
PRRT3,PTPN14,6
TOR2A,PTPN14,8
CASP5,PTPN14,8
DMXL2,PTPN14,6
KIAA1109,PTPN14,8
LILRA1,PTPN14,6
LOXL3,PTPN14,6
LRP2,PTPN14,6
NAT8B,PTPN14,8
UNC13C,PTPN14,6
ZP4,PTPN14,6
ABCB5,PTPN14,8
AMPD1,PTPN14,8
ATP6V0A4,PTPN14,8
CFHR5,PTPN14,7
LBP,PTPN14,6
OTOP1,PTPN14,8
PLB1,PTPN14,8
RPL3L,PTPN14,8
SLC28A1,PTPN14,7
SLC44A4,PTPN14,8
SPTBN5,PTPN14,6
TNXB,PTPN14,6
VWA5B2,PTPN14,6
ZNF778,PTPN14,8
ANKRD12,PTPN14,8
CDH23,PTPN14,6
CES5A,PTPN14,8
CHGB,PTPN14,6
FGL1,PTPN14,8
MCM8,PTPN14,8
MYH15,PTPN14,7
SELENOO,PTPN14,8
ZNF273,PTPN14,8
BAIAP3,PTPN14,6
CFB,PTPN14,6
COL15A1,PTPN14,6
FHAD1,PTPN14,8
HEATR1,PTPN14,8
LAMA2,PTPN14,6
OR10G9,PTPN14,8
DNAAF1,PTPN14,8
DNAH17,PTPN14,6
DNAH3,PTPN14,8
NBEA,PTPN14,8
SIGLEC12,PTPN14,6
WDSUB1,PTPN14,8
ZC3H3,PTPN14,8
ACOT2,PTPN14,8
CDH3,PTPN14,6
FAAP100,PTPN14,8
FCGBP,PTPN14,8
PPFIBP2,PTPN14,6
RPTN,PTPN14,8
USP8,PTPN14,8
ALG14,PTPN14,8
ALG2,PTPN14,8
CHAT,PTPN14,8
CHRNA1,PTPN14,7
CHRNB1,PTPN14,7
CHRNE,PTPN14,7
COL13A1,PTPN14,6
COLQ,PTPN14,7
DOK7,PTPN14,6
DPAGT1,PTPN14,8
GFPT1,PTPN14,8
GMPPB,PTPN14,8
LAMA5,PTPN14,6
LAMB2,PTPN14,6
LRP4,PTPN14,6
MYO9A,PTPN14,6
PLEC,PTPN14,6
PREPL,PTPN14,8
RAPSN,PTPN14,6
RPH3A,PTPN14,6
SCN4A,PTPN14,7
SLC18A3,PTPN14,7
SLC25A1,PTPN14,8
SLC5A7,PTPN14,7
SYT2,PTPN14,6
UNC13B,PTPN14,6
VAMP1,PTPN14,6
USH2A,PTPN14,6
ATAD3B,PTPN14,6
TPCN2,PTPN14,7
AKNAD1,PTPN14,7
CLCNKB,PTPN14,7
CASP12,PTPN14,8
PSG5,PTPN14,6
DEFB115,PTPN14,7
ATAD3C,PTPN14,8
KRT79,SMTN,8
MICALL2,SMTN,7
NPHP3,SMTN,8
RP1,SMTN,7
DNAH7,SMTN,8
FHOD3,SMTN,8
LEFTY2,SMTN,7
NCKAP5L,SMTN,8
NOTCH4,SMTN,7
PRRT3,SMTN,7
PTPN14,SMTN,7
TOR2A,SMTN,8
C1orf94,SMTN,8
CASP5,SMTN,8
DMXL2,SMTN,7
KIAA1109,SMTN,8
LILRA1,SMTN,7
LOXL3,SMTN,7
LRP2,SMTN,7
NAT8B,SMTN,8
UNC13C,SMTN,7
ZP4,SMTN,7
ABCB5,SMTN,8
AMPD1,SMTN,8
ATP6V0A4,SMTN,8
CFHR5,SMTN,7
LBP,SMTN,7
OTOP1,SMTN,8
PLB1,SMTN,8
RPL3L,SMTN,8
SLC28A1,SMTN,6
SLC44A4,SMTN,8
SPTBN5,SMTN,7
TNXB,SMTN,7
VWA5B2,SMTN,7
ZNF778,SMTN,8
ANKRD12,SMTN,8
CDH23,SMTN,7
CES5A,SMTN,8
CHGB,SMTN,7
FGL1,SMTN,8
MCM8,SMTN,8
MYH15,SMTN,0
SELENOO,SMTN,8
ZNF273,SMTN,8
BAIAP3,SMTN,7
CFB,SMTN,7
COL15A1,SMTN,7
FHAD1,SMTN,8
HEATR1,SMTN,8
LAMA2,SMTN,7
OR10G9,SMTN,8
DNAAF1,SMTN,8
DNAH17,SMTN,7
DNAH3,SMTN,8
NBEA,SMTN,8
SIGLEC12,SMTN,7
WDSUB1,SMTN,8
ZC3H3,SMTN,8
ACOT2,SMTN,8
CDH3,SMTN,7
FAAP100,SMTN,8
FCGBP,SMTN,8
PPFIBP2,SMTN,7
RPTN,SMTN,8
USP8,SMTN,8
ALG14,SMTN,8
ALG2,SMTN,8
CHAT,SMTN,8
CHRNA1,SMTN,6
CHRNB1,SMTN,6
CHRNE,SMTN,6
CHRNG,SMTN,6
COL13A1,SMTN,7
COLQ,SMTN,7
DOK7,SMTN,7
DPAGT1,SMTN,8
GFPT1,SMTN,8
GMPPB,SMTN,8
LAMA5,SMTN,7
LAMB2,SMTN,7
LRP4,SMTN,7
MYO9A,SMTN,7
PLEC,SMTN,7
PREPL,SMTN,8
RAPSN,SMTN,7
RPH3A,SMTN,7
SCN4A,SMTN,5
SLC18A3,SMTN,8
SLC25A1,SMTN,8
SLC5A7,SMTN,6
SYT2,SMTN,7
UNC13B,SMTN,7
VAMP1,SMTN,7
USH2A,SMTN,7
UBE2D1,SMTN,8
ATAD3B,SMTN,7
TPCN2,SMTN,1
AKNAD1,SMTN,7
CLCNKB,SMTN,1
CASP12,SMTN,8
PSG5,SMTN,7
DEFB115,SMTN,7
ATAD3C,SMTN,8
AGRN,SRMS,5
KRT79,SRMS,8
MICALL2,SRMS,6
NPHP3,SRMS,8
RP1,SRMS,6
DNAH7,SRMS,8
FHOD3,SRMS,8
HSPG2,SRMS,5
LEFTY2,SRMS,5
NCKAP5L,SRMS,8
NOTCH4,SRMS,5
PRRT3,SRMS,6
PTPN14,SRMS,6
SMTN,SRMS,7
TOR2A,SRMS,8
C1orf94,SRMS,8
CASP5,SRMS,8
DMXL2,SRMS,6
KIAA1109,SRMS,8
LILRA1,SRMS,5
LOXL3,SRMS,5
LRP2,SRMS,5
NAT8B,SRMS,8
UNC13C,SRMS,6
ZP4,SRMS,6
ABCB5,SRMS,8
AMPD1,SRMS,8
ATP6V0A4,SRMS,8
CFHR5,SRMS,6
LBP,SRMS,4
OTOP1,SRMS,8
PLB1,SRMS,8
RPL3L,SRMS,8
SLC28A1,SRMS,7
SLC44A4,SRMS,8
SPTBN5,SRMS,1
TNXB,SRMS,5
VWA5B2,SRMS,5
ZNF778,SRMS,8
ANKRD12,SRMS,8
CDH23,SRMS,5
CES5A,SRMS,8
CHGB,SRMS,5
FGL1,SRMS,8
MCM8,SRMS,8
MYBPC2,SRMS,5
MYH15,SRMS,7
SELENOO,SRMS,8
ZNF273,SRMS,8
BAIAP3,SRMS,6
C2CD3,SRMS,8
CFB,SRMS,5
COL15A1,SRMS,5
FHAD1,SRMS,8
HEATR1,SRMS,8
LAMA2,SRMS,5
OR10G9,SRMS,8
DNAAF1,SRMS,8
DNAH17,SRMS,0
DNAH3,SRMS,8
NBEA,SRMS,8
SIGLEC12,SRMS,5
TNC,SRMS,5
WDSUB1,SRMS,8
ZC3H3,SRMS,8
ACOT2,SRMS,8
CDH3,SRMS,5
FAAP100,SRMS,8
FCGBP,SRMS,8
PPFIBP2,SRMS,5
RPTN,SRMS,8
USP8,SRMS,8
AGRN,SRMS,5
ALG14,SRMS,8
ALG2,SRMS,8
CHAT,SRMS,8
CHRNA1,SRMS,7
CHRNB1,SRMS,7
CHRNE,SRMS,7
CHRNG,SRMS,7
COL13A1,SRMS,5
COLQ,SRMS,7
DOK7,SRMS,6
DPAGT1,SRMS,8
GFPT1,SRMS,8
GMPPB,SRMS,8
LAMA5,SRMS,5
LAMB2,SRMS,5
LRP4,SRMS,5
MUSK,SRMS,3
MYO9A,SRMS,6
PLEC,SRMS,5
PREPL,SRMS,8
RAPSN,SRMS,6
RPH3A,SRMS,6
SCN4A,SRMS,7
SLC18A3,SRMS,6
SLC25A1,SRMS,8
SLC5A7,SRMS,7
SYT2,SRMS,5
UNC13B,SRMS,6
VAMP1,SRMS,6
USH2A,SRMS,5
UBE2D1,SRMS,8
ATAD3B,SRMS,6
TPCN2,SRMS,7
AKNAD1,SRMS,7
CLCNKB,SRMS,7
CASP12,SRMS,8
PSG5,SRMS,5
DEFB115,SRMS,7
ATAD3C,SRMS,8
MICALL2,TOR2A,8
NPHP3,TOR2A,7
PRRT3,TOR2A,8
LILRA1,TOR2A,8
NAT8B,TOR2A,7
ZP4,TOR2A,8
ABCB5,TOR2A,7
ATP6V0A4,TOR2A,7
OTOP1,TOR2A,6
PLB1,TOR2A,7
SLC44A4,TOR2A,7
VWA5B2,TOR2A,5
ZNF778,TOR2A,7
CDH23,TOR2A,8
CES5A,TOR2A,7
ZNF273,TOR2A,7
FHAD1,TOR2A,5
OR10G9,TOR2A,8
DNAH17,TOR2A,8
DNAH3,TOR2A,7
ACOT2,TOR2A,7
ALG14,TOR2A,6
CHRNA1,TOR2A,8
CHRNE,TOR2A,8
COL13A1,TOR2A,8
COLQ,TOR2A,8
DPAGT1,TOR2A,6
LRP4,TOR2A,8
SCN4A,TOR2A,7
SLC18A3,TOR2A,4
SLC5A7,TOR2A,8
TPCN2,TOR2A,8
AKNAD1,TOR2A,7
CASP12,TOR2A,7
DEFB115,TOR2A,8
ATAD3C,TOR2A,6
KRT79,C1orf94,5
MICALL2,C1orf94,8
NPHP3,C1orf94,4
RP1,C1orf94,8
DNAH7,C1orf94,7
FHOD3,C1orf94,7
LEFTY2,C1orf94,8
NCKAP5L,C1orf94,7
NOTCH4,C1orf94,8
PRRT3,C1orf94,8
PTPN14,C1orf94,8
TOR2A,C1orf94,7
CASP5,C1orf94,7
DMXL2,C1orf94,8
KIAA1109,C1orf94,7
LILRA1,C1orf94,8
LOXL3,C1orf94,8
LRP2,C1orf94,8
NAT8B,C1orf94,7
UNC13C,C1orf94,8
ZP4,C1orf94,8
ABCB5,C1orf94,7
AMPD1,C1orf94,7
ATP6V0A4,C1orf94,7
CFHR5,C1orf94,7
LBP,C1orf94,8
OTOP1,C1orf94,7
PLB1,C1orf94,7
RPL3L,C1orf94,7
SLC28A1,C1orf94,8
SLC44A4,C1orf94,7
SPTBN5,C1orf94,8
TNXB,C1orf94,8
VWA5B2,C1orf94,8
ZNF778,C1orf94,8
ANKRD12,C1orf94,7
CDH23,C1orf94,8
CES5A,C1orf94,7
CHGB,C1orf94,8
FGL1,C1orf94,6
MCM8,C1orf94,7
MYH15,C1orf94,8
SELENOO,C1orf94,7
ZNF273,C1orf94,8
BAIAP3,C1orf94,8
CFB,C1orf94,8
COL15A1,C1orf94,8
FHAD1,C1orf94,7
HEATR1,C1orf94,7
LAMA2,C1orf94,8
OR10G9,C1orf94,8
DNAAF1,C1orf94,7
DNAH17,C1orf94,8
DNAH3,C1orf94,7
NBEA,C1orf94,6
SIGLEC12,C1orf94,8
WDSUB1,C1orf94,7
ZC3H3,C1orf94,7
ACOT2,C1orf94,7
CDH3,C1orf94,8
FAAP100,C1orf94,7
FCGBP,C1orf94,7
PPFIBP2,C1orf94,8
RPTN,C1orf94,5
USP8,C1orf94,7
ALG14,C1orf94,7
ALG2,C1orf94,7
CHAT,C1orf94,7
CHRNA1,C1orf94,8
CHRNB1,C1orf94,8
CHRNE,C1orf94,8
CHRNG,C1orf94,8
COL13A1,C1orf94,8
COLQ,C1orf94,8
DOK7,C1orf94,8
DPAGT1,C1orf94,7
GFPT1,C1orf94,7
GMPPB,C1orf94,7
LAMA5,C1orf94,8
LAMB2,C1orf94,8
LRP4,C1orf94,8
MYO9A,C1orf94,8
PLEC,C1orf94,8
PREPL,C1orf94,7
RAPSN,C1orf94,8
RPH3A,C1orf94,8
SCN4A,C1orf94,8
SLC18A3,C1orf94,7
SLC25A1,C1orf94,7
SLC5A7,C1orf94,8
SYT2,C1orf94,8
UNC13B,C1orf94,8
VAMP1,C1orf94,8
USH2A,C1orf94,8
ATAD3B,C1orf94,8
TPCN2,C1orf94,8
AKNAD1,C1orf94,8
CLCNKB,C1orf94,8
CASP12,C1orf94,7
PSG5,C1orf94,8
DEFB115,C1orf94,8
ATAD3C,C1orf94,7
KRT79,CASP5,8
MICALL2,CASP5,8
NPHP3,CASP5,7
LEFTY2,CASP5,8
NCKAP5L,CASP5,6
PRRT3,CASP5,8
TOR2A,CASP5,7
DMXL2,CASP5,8
LILRA1,CASP5,8
NAT8B,CASP5,6
UNC13C,CASP5,8
ZP4,CASP5,8
ABCB5,CASP5,5
AMPD1,CASP5,7
ATP6V0A4,CASP5,7
CFHR5,CASP5,8
LBP,CASP5,8
OTOP1,CASP5,7
PLB1,CASP5,7
SLC28A1,CASP5,8
SLC44A4,CASP5,7
TNXB,CASP5,8
VWA5B2,CASP5,8
ZNF778,CASP5,8
CDH23,CASP5,8
CES5A,CASP5,7
CHGB,CASP5,8
MYH15,CASP5,8
SELENOO,CASP5,6
ZNF273,CASP5,8
BAIAP3,CASP5,8
FHAD1,CASP5,7
OR10G9,CASP5,8
DNAAF1,CASP5,6
DNAH17,CASP5,8
DNAH3,CASP5,7
ZC3H3,CASP5,7
ACOT2,CASP5,7
FAAP100,CASP5,6
FCGBP,CASP5,6
RPTN,CASP5,8
ALG14,CASP5,7
ALG2,CASP5,7
CHRNA1,CASP5,8
CHRNB1,CASP5,8
CHRNE,CASP5,8
COL13A1,CASP5,8
COLQ,CASP5,8
DPAGT1,CASP5,7
LRP4,CASP5,8
RPH3A,CASP5,8
SCN4A,CASP5,8
SLC18A3,CASP5,7
SLC25A1,CASP5,7
SLC5A7,CASP5,8
UNC13B,CASP5,8
TPCN2,CASP5,8
AKNAD1,CASP5,8
CLCNKB,CASP5,8
CASP12,CASP5,0
DEFB115,CASP5,8
ATAD3C,CASP5,7
MICALL2,DMXL2,5
NPHP3,DMXL2,8
PRRT3,DMXL2,6
TOR2A,DMXL2,7
LILRA1,DMXL2,6
NAT8B,DMXL2,8
ZP4,DMXL2,6
ABCB5,DMXL2,8
AMPD1,DMXL2,8
ATP6V0A4,DMXL2,8
CFHR5,DMXL2,7
OTOP1,DMXL2,8
PLB1,DMXL2,8
SLC28A1,DMXL2,7
SLC44A4,DMXL2,8
VWA5B2,DMXL2,4
ZNF778,DMXL2,8
CDH23,DMXL2,6
CES5A,DMXL2,8
MYH15,DMXL2,7
SELENOO,DMXL2,8
ZNF273,DMXL2,8
BAIAP3,DMXL2,0
FHAD1,DMXL2,8
OR10G9,DMXL2,8
DNAH17,DMXL2,6
DNAH3,DMXL2,8
ACOT2,DMXL2,8
FCGBP,DMXL2,8
RPTN,DMXL2,8
ALG14,DMXL2,8
CHRNA1,DMXL2,7
CHRNE,DMXL2,7
COL13A1,DMXL2,6
COLQ,DMXL2,7
DPAGT1,DMXL2,8
LRP4,DMXL2,6
SCN4A,DMXL2,5
SLC18A3,DMXL2,5
SLC5A7,DMXL2,7
TPCN2,DMXL2,7
AKNAD1,DMXL2,3
CLCNKB,DMXL2,7
CASP12,DMXL2,8
DEFB115,DMXL2,7
ATAD3C,DMXL2,8
KRT79,KIAA1109,8
MICALL2,KIAA1109,8
NPHP3,KIAA1109,7
FHOD3,KIAA1109,5
LEFTY2,KIAA1109,8
NCKAP5L,KIAA1109,6
PRRT3,KIAA1109,8
TOR2A,KIAA1109,7
CASP5,KIAA1109,5
DMXL2,KIAA1109,7
LILRA1,KIAA1109,8
NAT8B,KIAA1109,6
UNC13C,KIAA1109,7
ZP4,KIAA1109,8
ABCB5,KIAA1109,5
AMPD1,KIAA1109,7
ATP6V0A4,KIAA1109,7
CFHR5,KIAA1109,8
LBP,KIAA1109,8
OTOP1,KIAA1109,7
PLB1,KIAA1109,7
SLC28A1,KIAA1109,8
SLC44A4,KIAA1109,7
TNXB,KIAA1109,8
VWA5B2,KIAA1109,8
ZNF778,KIAA1109,8
CDH23,KIAA1109,7
CES5A,KIAA1109,7
CHGB,KIAA1109,8
MYH15,KIAA1109,8
SELENOO,KIAA1109,6
ZNF273,KIAA1109,8
BAIAP3,KIAA1109,7
FHAD1,KIAA1109,7
HEATR1,KIAA1109,7
OR10G9,KIAA1109,8
DNAAF1,KIAA1109,6
DNAH17,KIAA1109,8
DNAH3,KIAA1109,7
ZC3H3,KIAA1109,7
ACOT2,KIAA1109,7
FAAP100,KIAA1109,6
FCGBP,KIAA1109,6
PPFIBP2,KIAA1109,6
RPTN,KIAA1109,8
ALG14,KIAA1109,7
ALG2,KIAA1109,7
CHRNA1,KIAA1109,8
CHRNB1,KIAA1109,8
CHRNE,KIAA1109,8
COL13A1,KIAA1109,8
COLQ,KIAA1109,8
DOK7,KIAA1109,7
DPAGT1,KIAA1109,7
LRP4,KIAA1109,8
RPH3A,KIAA1109,7
SCN4A,KIAA1109,7
SLC18A3,KIAA1109,7
SLC25A1,KIAA1109,7
SLC5A7,KIAA1109,8
UNC13B,KIAA1109,7
TPCN2,KIAA1109,8
AKNAD1,KIAA1109,7
CLCNKB,KIAA1109,8
CASP12,KIAA1109,5
DEFB115,KIAA1109,8
ATAD3C,KIAA1109,7
MICALL2,LILRA1,6
NPHP3,LILRA1,8
PRRT3,LILRA1,6
NAT8B,LILRA1,8
ZP4,LILRA1,5
ABCB5,LILRA1,8
ATP6V0A4,LILRA1,8
OTOP1,LILRA1,8
PLB1,LILRA1,8
SLC44A4,LILRA1,8
VWA5B2,LILRA1,6
ZNF778,LILRA1,8
CDH23,LILRA1,4
CES5A,LILRA1,8
ZNF273,LILRA1,8
FHAD1,LILRA1,8
OR10G9,LILRA1,8
DNAH17,LILRA1,5
DNAH3,LILRA1,8
ACOT2,LILRA1,8
ALG14,LILRA1,8
CHRNE,LILRA1,7
COL13A1,LILRA1,4
COLQ,LILRA1,6
DPAGT1,LILRA1,8
LRP4,LILRA1,4
SCN4A,LILRA1,7
SLC18A3,LILRA1,7
SLC5A7,LILRA1,7
TPCN2,LILRA1,7
AKNAD1,LILRA1,7
CASP12,LILRA1,8
DEFB115,LILRA1,7
ATAD3C,LILRA1,8
KRT79,LOXL3,8
MICALL2,LOXL3,6
NPHP3,LOXL3,8
DNAH7,LOXL3,8
FHOD3,LOXL3,8
LEFTY2,LOXL3,1
NCKAP5L,LOXL3,8
PRRT3,LOXL3,6
TOR2A,LOXL3,8
CASP5,LOXL3,8
DMXL2,LOXL3,6
KIAA1109,LOXL3,8
LILRA1,LOXL3,4
NAT8B,LOXL3,8
UNC13C,LOXL3,6
ZP4,LOXL3,2
ABCB5,LOXL3,8
AMPD1,LOXL3,8
ATP6V0A4,LOXL3,8
CFHR5,LOXL3,5
LBP,LOXL3,4
OTOP1,LOXL3,8
PLB1,LOXL3,8
SLC28A1,LOXL3,7
SLC44A4,LOXL3,8
TNXB,LOXL3,0
VWA5B2,LOXL3,6
ZNF778,LOXL3,8
CDH23,LOXL3,4
CES5A,LOXL3,8
CHGB,LOXL3,0
FGL1,LOXL3,3
MCM8,LOXL3,8
MYH15,LOXL3,7
SELENOO,LOXL3,8
ZNF273,LOXL3,8
BAIAP3,LOXL3,6
FHAD1,LOXL3,8
HEATR1,LOXL3,8
OR10G9,LOXL3,8
DNAAF1,LOXL3,8
DNAH17,LOXL3,5
DNAH3,LOXL3,8
ZC3H3,LOXL3,8
ACOT2,LOXL3,8
CDH3,LOXL3,4
FAAP100,LOXL3,8
FCGBP,LOXL3,8
PPFIBP2,LOXL3,5
RPTN,LOXL3,8
ALG14,LOXL3,8
ALG2,LOXL3,8
CHRNA1,LOXL3,7
CHRNB1,LOXL3,7
CHRNE,LOXL3,7
COL13A1,LOXL3,0
COLQ,LOXL3,2
DOK7,LOXL3,6
DPAGT1,LOXL3,8
GMPPB,LOXL3,8
LAMB2,LOXL3,0
LRP4,LOXL3,0
MYO9A,LOXL3,6
RPH3A,LOXL3,6
SCN4A,LOXL3,7
SLC18A3,LOXL3,7
SLC25A1,LOXL3,8
SLC5A7,LOXL3,7
SYT2,LOXL3,6
UNC13B,LOXL3,6
TPCN2,LOXL3,7
AKNAD1,LOXL3,7
CLCNKB,LOXL3,7
CASP12,LOXL3,8
DEFB115,LOXL3,7
ATAD3C,LOXL3,8
KRT79,LRP2,8
MICALL2,LRP2,5
NPHP3,LRP2,8
RP1,LRP2,5
DNAH7,LRP2,8
FHOD3,LRP2,8
LEFTY2,LRP2,6
NCKAP5L,LRP2,8
PRRT3,LRP2,6
TOR2A,LRP2,5
CASP5,LRP2,8
DMXL2,LRP2,4
KIAA1109,LRP2,8
LILRA1,LRP2,6
LOXL3,LRP2,6
NAT8B,LRP2,8
UNC13C,LRP2,4
ZP4,LRP2,6
ABCB5,LRP2,8
AMPD1,LRP2,8
ATP6V0A4,LRP2,8
CFHR5,LRP2,7
LBP,LRP2,6
OTOP1,LRP2,8
PLB1,LRP2,8
SLC28A1,LRP2,7
SLC44A4,LRP2,8
TNXB,LRP2,6
VWA5B2,LRP2,0
ZNF778,LRP2,8
CDH23,LRP2,6
CES5A,LRP2,8
CHGB,LRP2,6
FGL1,LRP2,8
MCM8,LRP2,8
MYH15,LRP2,7
SELENOO,LRP2,8
ZNF273,LRP2,8
BAIAP3,LRP2,4
FHAD1,LRP2,8
HEATR1,LRP2,8
OR10G9,LRP2,8
DNAAF1,LRP2,8
DNAH17,LRP2,5
DNAH3,LRP2,8
NBEA,LRP2,7
SIGLEC12,LRP2,6
ZC3H3,LRP2,8
ACOT2,LRP2,8
CDH3,LRP2,6
FAAP100,LRP2,8
FCGBP,LRP2,8
PPFIBP2,LRP2,6
RPTN,LRP2,8
ALG14,LRP2,8
ALG2,LRP2,8
CHRNA1,LRP2,7
CHRNB1,LRP2,7
CHRNE,LRP2,7
COL13A1,LRP2,6
COLQ,LRP2,7
DOK7,LRP2,4
DPAGT1,LRP2,8
GMPPB,LRP2,8
LAMB2,LRP2,6
LRP4,LRP2,6
MYO9A,LRP2,5
RAPSN,LRP2,5
RPH3A,LRP2,4
SCN4A,LRP2,6
SLC18A3,LRP2,1
SLC25A1,LRP2,8
SLC5A7,LRP2,7
SYT2,LRP2,0
UNC13B,LRP2,4
TPCN2,LRP2,7
AKNAD1,LRP2,5
CLCNKB,LRP2,7
CASP12,LRP2,8
DEFB115,LRP2,7
ATAD3C,LRP2,8
PRRT3,NAT8B,8
ZP4,NAT8B,8
SLC44A4,NAT8B,7
VWA5B2,NAT8B,8
ZNF778,NAT8B,8
CES5A,NAT8B,7
FHAD1,NAT8B,7
ACOT2,NAT8B,7
SLC18A3,NAT8B,7
DEFB115,NAT8B,8
MICALL2,UNC13C,5
NPHP3,UNC13C,8
PRRT3,UNC13C,6
TOR2A,UNC13C,7
DMXL2,UNC13C,0
LILRA1,UNC13C,6
NAT8B,UNC13C,8
ZP4,UNC13C,6
ABCB5,UNC13C,8
AMPD1,UNC13C,8
ATP6V0A4,UNC13C,8
CFHR5,UNC13C,7
OTOP1,UNC13C,8
PLB1,UNC13C,8
SLC28A1,UNC13C,7
SLC44A4,UNC13C,8
VWA5B2,UNC13C,4
ZNF778,UNC13C,8
CDH23,UNC13C,6
CES5A,UNC13C,8
MYH15,UNC13C,7
SELENOO,UNC13C,8
ZNF273,UNC13C,8
BAIAP3,UNC13C,0
FHAD1,UNC13C,8
OR10G9,UNC13C,8
DNAH17,UNC13C,6
DNAH3,UNC13C,8
ZC3H3,UNC13C,8
ACOT2,UNC13C,8
FCGBP,UNC13C,8
RPTN,UNC13C,8
ALG14,UNC13C,8
CHRNA1,UNC13C,7
CHRNE,UNC13C,7
COL13A1,UNC13C,6
COLQ,UNC13C,7
DPAGT1,UNC13C,8
LRP4,UNC13C,6
SCN4A,UNC13C,5
SLC18A3,UNC13C,5
SLC25A1,UNC13C,8
SLC5A7,UNC13C,7
TPCN2,UNC13C,7
AKNAD1,UNC13C,3
CLCNKB,UNC13C,7
CASP12,UNC13C,8
DEFB115,UNC13C,7
ATAD3C,UNC13C,8
PRRT3,ZP4,6
SLC44A4,ZP4,8
VWA5B2,ZP4,6
ZNF778,ZP4,8
CES5A,ZP4,8
FHAD1,ZP4,8
SLC18A3,ZP4,7
DEFB115,ZP4,7
MICALL2,ABCB5,8
PRRT3,ABCB5,8
NAT8B,ABCB5,6
ZP4,ABCB5,8
SLC44A4,ABCB5,7
VWA5B2,ABCB5,8
ZNF778,ABCB5,8
CES5A,ABCB5,7
ZNF273,ABCB5,8
FHAD1,ABCB5,7
DNAH17,ABCB5,8
ACOT2,ABCB5,7
SLC18A3,ABCB5,7
DEFB115,ABCB5,8
MICALL2,AMPD1,8
NPHP3,AMPD1,7
PRRT3,AMPD1,8
TOR2A,AMPD1,7
LILRA1,AMPD1,8
NAT8B,AMPD1,7
ZP4,AMPD1,8
ABCB5,AMPD1,7
ATP6V0A4,AMPD1,6
CFHR5,AMPD1,8
OTOP1,AMPD1,7
PLB1,AMPD1,6
SLC28A1,AMPD1,8
SLC44A4,AMPD1,6
VWA5B2,AMPD1,8
ZNF778,AMPD1,8
CDH23,AMPD1,8
CES5A,AMPD1,6
MYH15,AMPD1,8
SELENOO,AMPD1,7
ZNF273,AMPD1,8
BAIAP3,AMPD1,8
FHAD1,AMPD1,7
OR10G9,AMPD1,8
DNAH17,AMPD1,8
DNAH3,AMPD1,7
ACOT2,AMPD1,6
FCGBP,AMPD1,7
RPTN,AMPD1,8
ALG14,AMPD1,7
CHRNA1,AMPD1,8
CHRNE,AMPD1,8
COL13A1,AMPD1,8
COLQ,AMPD1,7
DPAGT1,AMPD1,7
LRP4,AMPD1,8
SCN4A,AMPD1,8
SLC18A3,AMPD1,7
SLC5A7,AMPD1,8
TPCN2,AMPD1,8
AKNAD1,AMPD1,8
CLCNKB,AMPD1,8
CASP12,AMPD1,7
DEFB115,AMPD1,8
ATAD3C,AMPD1,7
MICALL2,ATP6V0A4,8
NPHP3,ATP6V0A4,7
PRRT3,ATP6V0A4,8
NAT8B,ATP6V0A4,7
ZP4,ATP6V0A4,8
ABCB5,ATP6V0A4,7
OTOP1,ATP6V0A4,7
PLB1,ATP6V0A4,6
SLC44A4,ATP6V0A4,6
VWA5B2,ATP6V0A4,8
ZNF778,ATP6V0A4,8
CDH23,ATP6V0A4,8
CES5A,ATP6V0A4,6
ZNF273,ATP6V0A4,8
FHAD1,ATP6V0A4,7
DNAH17,ATP6V0A4,8
DNAH3,ATP6V0A4,7
ACOT2,ATP6V0A4,6
ALG14,ATP6V0A4,7
CHRNE,ATP6V0A4,8
COL13A1,ATP6V0A4,8
COLQ,ATP6V0A4,7
DPAGT1,ATP6V0A4,7
LRP4,ATP6V0A4,8
SCN4A,ATP6V0A4,8
SLC18A3,ATP6V0A4,7
SLC5A7,ATP6V0A4,8
TPCN2,ATP6V0A4,8
AKNAD1,ATP6V0A4,8
CASP12,ATP6V0A4,7
DEFB115,ATP6V0A4,8
ATAD3C,ATP6V0A4,7
MICALL2,CFHR5,7
NPHP3,CFHR5,7
PRRT3,CFHR5,7
TOR2A,CFHR5,8
LILRA1,CFHR5,2
NAT8B,CFHR5,8
ZP4,CFHR5,6
ABCB5,CFHR5,8
ATP6V0A4,CFHR5,8
OTOP1,CFHR5,8
PLB1,CFHR5,8
SLC44A4,CFHR5,8
VWA5B2,CFHR5,7
ZNF778,CFHR5,8
CDH23,CFHR5,5
CES5A,CFHR5,8
ZNF273,CFHR5,8
FHAD1,CFHR5,8
OR10G9,CFHR5,8
DNAH17,CFHR5,6
DNAH3,CFHR5,8
ACOT2,CFHR5,8
FCGBP,CFHR5,8
ALG14,CFHR5,8
CHRNA1,CFHR5,7
CHRNE,CFHR5,7
COL13A1,CFHR5,5
COLQ,CFHR5,6
DPAGT1,CFHR5,8
LRP4,CFHR5,5
SCN4A,CFHR5,7
SLC18A3,CFHR5,8
SLC5A7,CFHR5,7
TPCN2,CFHR5,7
AKNAD1,CFHR5,7
CLCNKB,CFHR5,7
CASP12,CFHR5,8
DEFB115,CFHR5,7
ATAD3C,CFHR5,8
KRT79,LBP,8
MICALL2,LBP,6
NPHP3,LBP,8
NCKAP5L,LBP,8
PRRT3,LBP,6
TOR2A,LBP,8
DMXL2,LBP,6
LILRA1,LBP,3
NAT8B,LBP,8
UNC13C,LBP,6
ZP4,LBP,5
ABCB5,LBP,8
AMPD1,LBP,8
ATP6V0A4,LBP,8
CFHR5,LBP,4
OTOP1,LBP,8
PLB1,LBP,8
SLC28A1,LBP,7
SLC44A4,LBP,8
VWA5B2,LBP,6
ZNF778,LBP,8
CDH23,LBP,4
CES5A,LBP,8
CHGB,LBP,4
MYH15,LBP,7
SELENOO,LBP,8
ZNF273,LBP,8
BAIAP3,LBP,6
FHAD1,LBP,8
OR10G9,LBP,8
DNAAF1,LBP,8
DNAH17,LBP,4
DNAH3,LBP,8
ZC3H3,LBP,8
ACOT2,LBP,8
FCGBP,LBP,8
RPTN,LBP,8
ALG14,LBP,8
CHRNA1,LBP,7
CHRNE,LBP,7
COL13A1,LBP,4
COLQ,LBP,6
DPAGT1,LBP,8
LRP4,LBP,4
RPH3A,LBP,6
SCN4A,LBP,7
SLC18A3,LBP,7
SLC25A1,LBP,8
SLC5A7,LBP,7
UNC13B,LBP,6
TPCN2,LBP,7
AKNAD1,LBP,7
CLCNKB,LBP,7
CASP12,LBP,8
DEFB115,LBP,7
ATAD3C,LBP,8
AGRN,MYO10,6
KIF13B,MYO10,2
KRT79,MYO10,8
MICALL2,MYO10,6
NPHP3,MYO10,7
RAD51AP1,MYO10,7
RP1,MYO10,5
DNAH7,MYO10,3
FHOD3,MYO10,8
HSPG2,MYO10,6
LEFTY2,MYO10,6
NCKAP5L,MYO10,5
NOTCH4,MYO10,6
PRRT3,MYO10,6
PTPN14,MYO10,6
SMTN,MYO10,7
SRMS,MYO10,6
TOR2A,MYO10,8
C1orf94,MYO10,8
CASP5,MYO10,8
DMXL2,MYO10,6
KIAA1109,MYO10,8
LILRA1,MYO10,6
LOXL3,MYO10,6
LRP2,MYO10,6
NAT8B,MYO10,8
UNC13C,MYO10,6
ZP4,MYO10,6
ABCB5,MYO10,8
AMPD1,MYO10,8
ATP6V0A4,MYO10,8
CFHR5,MYO10,7
LBP,MYO10,6
OTOP1,MYO10,8
PLB1,MYO10,8
RPL3L,MYO10,8
SLC28A1,MYO10,7
SLC44A4,MYO10,8
SPTBN5,MYO10,6
TNXB,MYO10,6
VWA5B2,MYO10,6
ZNF778,MYO10,8
ANKRD12,MYO10,8
CDH23,MYO10,6
CES5A,MYO10,8
CHGB,MYO10,6
FGL1,MYO10,8
MCM8,MYO10,7
MYBPC2,MYO10,6
MYH15,MYO10,7
SELENOO,MYO10,8
ZNF273,MYO10,8
BAIAP3,MYO10,6
C2CD3,MYO10,3
CFB,MYO10,6
COL15A1,MYO10,6
FHAD1,MYO10,8
HEATR1,MYO10,8
LAMA2,MYO10,6
OR10G9,MYO10,8
DNAAF1,MYO10,3
DNAH17,MYO10,6
DNAH3,MYO10,3
NBEA,MYO10,8
SIGLEC12,MYO10,6
TNC,MYO10,6
WDSUB1,MYO10,8
ZC3H3,MYO10,8
ACOT2,MYO10,8
CDH3,MYO10,6
FAAP100,MYO10,8
FCGBP,MYO10,8
PPFIBP2,MYO10,6
RPTN,MYO10,8
USP8,MYO10,8
AGRN,MYO10,6
ALG14,MYO10,8
ALG2,MYO10,8
CHAT,MYO10,8
CHRNA1,MYO10,7
CHRNB1,MYO10,7
CHRNE,MYO10,7
CHRNG,MYO10,7
COL13A1,MYO10,6
COLQ,MYO10,7
DOK7,MYO10,6
DPAGT1,MYO10,8
GFPT1,MYO10,8
GMPPB,MYO10,8
LAMA5,MYO10,6
LAMB2,MYO10,6
LRP4,MYO10,6
MUSK,MYO10,6
MYO9A,MYO10,6
PLEC,MYO10,6
PREPL,MYO10,8
RAPSN,MYO10,6
RPH3A,MYO10,6
SCN4A,MYO10,7
SLC18A3,MYO10,7
SLC25A1,MYO10,8
SLC5A7,MYO10,7
SYT2,MYO10,6
UNC13B,MYO10,6
VAMP1,MYO10,6
USH2A,MYO10,6
UBE2D1,MYO10,8
ATAD3B,MYO10,6
TPCN2,MYO10,7
AKNAD1,MYO10,7
CLCNKB,MYO10,7
CASP12,MYO10,8
PSG5,MYO10,6
DEFB115,MYO10,7
ATAD3C,MYO10,8
MICALL2,OTOP1,8
PRRT3,OTOP1,8
NAT8B,OTOP1,6
ZP4,OTOP1,8
ABCB5,OTOP1,7
SLC44A4,OTOP1,7
VWA5B2,OTOP1,8
ZNF778,OTOP1,7
CES5A,OTOP1,7
ZNF273,OTOP1,7
FHAD1,OTOP1,7
DNAH17,OTOP1,8
ACOT2,OTOP1,7
ALG14,OTOP1,7
COL13A1,OTOP1,8
LRP4,OTOP1,8
SLC18A3,OTOP1,7
DEFB115,OTOP1,8
MICALL2,PLB1,8
NPHP3,PLB1,7
PRRT3,PLB1,8
NAT8B,PLB1,7
ZP4,PLB1,8
ABCB5,PLB1,7
OTOP1,PLB1,7
SLC44A4,PLB1,6
VWA5B2,PLB1,8
ZNF778,PLB1,8
CDH23,PLB1,8
CES5A,PLB1,6
ZNF273,PLB1,8
FHAD1,PLB1,7
DNAH17,PLB1,8
DNAH3,PLB1,7
ACOT2,PLB1,6
ALG14,PLB1,7
COL13A1,PLB1,8
COLQ,PLB1,7
LRP4,PLB1,8
SCN4A,PLB1,8
SLC18A3,PLB1,7
SLC5A7,PLB1,8
TPCN2,PLB1,8
AKNAD1,PLB1,8
CASP12,PLB1,7
DEFB115,PLB1,8
ATAD3C,PLB1,7
KRT79,RPL3L,8
MICALL2,RPL3L,8
NPHP3,RPL3L,7
RP1,RPL3L,8
DNAH7,RPL3L,7
FHOD3,RPL3L,7
LEFTY2,RPL3L,8
NCKAP5L,RPL3L,7
PRRT3,RPL3L,8
TOR2A,RPL3L,7
CASP5,RPL3L,7
DMXL2,RPL3L,8
KIAA1109,RPL3L,7
LILRA1,RPL3L,8
LOXL3,RPL3L,8
LRP2,RPL3L,8
NAT8B,RPL3L,7
UNC13C,RPL3L,8
ZP4,RPL3L,8
ABCB5,RPL3L,7
AMPD1,RPL3L,7
ATP6V0A4,RPL3L,7
CFHR5,RPL3L,8
LBP,RPL3L,8
OTOP1,RPL3L,7
PLB1,RPL3L,7
SLC28A1,RPL3L,8
SLC44A4,RPL3L,7
SPTBN5,RPL3L,8
TNXB,RPL3L,8
VWA5B2,RPL3L,8
ZNF778,RPL3L,8
ANKRD12,RPL3L,7
CDH23,RPL3L,8
CES5A,RPL3L,7
CHGB,RPL3L,8
FGL1,RPL3L,6
MCM8,RPL3L,7
MYH15,RPL3L,8
SELENOO,RPL3L,6
ZNF273,RPL3L,8
BAIAP3,RPL3L,8
CFB,RPL3L,8
COL15A1,RPL3L,8
FHAD1,RPL3L,6
HEATR1,RPL3L,0
OR10G9,RPL3L,8
DNAAF1,RPL3L,7
DNAH17,RPL3L,8
DNAH3,RPL3L,7
NBEA,RPL3L,7
SIGLEC12,RPL3L,8
ZC3H3,RPL3L,5
ACOT2,RPL3L,7
CDH3,RPL3L,8
FAAP100,RPL3L,7
FCGBP,RPL3L,7
PPFIBP2,RPL3L,8
RPTN,RPL3L,8
ALG14,RPL3L,6
ALG2,RPL3L,6
CHAT,RPL3L,6
CHRNA1,RPL3L,8
CHRNB1,RPL3L,8
CHRNE,RPL3L,8
COL13A1,RPL3L,8
COLQ,RPL3L,8
DOK7,RPL3L,8
DPAGT1,RPL3L,6
GMPPB,RPL3L,6
LAMA5,RPL3L,8
LAMB2,RPL3L,8
LRP4,RPL3L,8
MYO9A,RPL3L,8
PLEC,RPL3L,8
RAPSN,RPL3L,8
RPH3A,RPL3L,8
SCN4A,RPL3L,8
SLC18A3,RPL3L,7
SLC25A1,RPL3L,6
SLC5A7,RPL3L,8
SYT2,RPL3L,8
UNC13B,RPL3L,8
VAMP1,RPL3L,8
TPCN2,RPL3L,8
AKNAD1,RPL3L,8
CLCNKB,RPL3L,8
CASP12,RPL3L,7
DEFB115,RPL3L,8
ATAD3C,RPL3L,6
MICALL2,SLC28A1,7
NPHP3,SLC28A1,8
PRRT3,SLC28A1,1
TOR2A,SLC28A1,8
LILRA1,SLC28A1,7
NAT8B,SLC28A1,8
ZP4,SLC28A1,7
ABCB5,SLC28A1,8
ATP6V0A4,SLC28A1,8
CFHR5,SLC28A1,7
OTOP1,SLC28A1,8
PLB1,SLC28A1,8
SLC44A4,SLC28A1,8
VWA5B2,SLC28A1,7
ZNF778,SLC28A1,8
CDH23,SLC28A1,7
CES5A,SLC28A1,8
MYH15,SLC28A1,6
SELENOO,SLC28A1,8
ZNF273,SLC28A1,8
FHAD1,SLC28A1,8
OR10G9,SLC28A1,8
DNAH17,SLC28A1,7
DNAH3,SLC28A1,8
ACOT2,SLC28A1,8
FCGBP,SLC28A1,8
ALG14,SLC28A1,8
CHRNA1,SLC28A1,6
CHRNE,SLC28A1,6
COL13A1,SLC28A1,7
COLQ,SLC28A1,7
DPAGT1,SLC28A1,8
LRP4,SLC28A1,7
SCN4A,SLC28A1,6
SLC18A3,SLC28A1,8
SLC5A7,SLC28A1,0
TPCN2,SLC28A1,6
AKNAD1,SLC28A1,7
CLCNKB,SLC28A1,6
CASP12,SLC28A1,8
DEFB115,SLC28A1,7
ATAD3C,SLC28A1,8
CES5A,SLC44A4,6
DEFB115,SLC44A4,8
KRT79,SPTBN5,8
MICALL2,SPTBN5,5
NPHP3,SPTBN5,8
RP1,SPTBN5,5
DNAH7,SPTBN5,8
FHOD3,SPTBN5,8
LEFTY2,SPTBN5,6
NCKAP5L,SPTBN5,8
PRRT3,SPTBN5,6
TOR2A,SPTBN5,8
CASP5,SPTBN5,8
DMXL2,SPTBN5,5
KIAA1109,SPTBN5,8
LILRA1,SPTBN5,6
LOXL3,SPTBN5,6
LRP2,SPTBN5,4
NAT8B,SPTBN5,8
UNC13C,SPTBN5,5
ZP4,SPTBN5,6
ABCB5,SPTBN5,8
AMPD1,SPTBN5,8
ATP6V0A4,SPTBN5,8
CFHR5,SPTBN5,7
LBP,SPTBN5,5
OTOP1,SPTBN5,8
PLB1,SPTBN5,8
SLC28A1,SPTBN5,7
SLC44A4,SPTBN5,8
TNXB,SPTBN5,6
VWA5B2,SPTBN5,4
ZNF778,SPTBN5,8
CDH23,SPTBN5,6
CES5A,SPTBN5,8
CHGB,SPTBN5,6
FGL1,SPTBN5,8
MCM8,SPTBN5,8
MYH15,SPTBN5,7
SELENOO,SPTBN5,8
ZNF273,SPTBN5,8
BAIAP3,SPTBN5,5
CFB,SPTBN5,6
COL15A1,SPTBN5,6
FHAD1,SPTBN5,8
HEATR1,SPTBN5,8
OR10G9,SPTBN5,8
DNAAF1,SPTBN5,8
DNAH17,SPTBN5,1
DNAH3,SPTBN5,8
NBEA,SPTBN5,8
SIGLEC12,SPTBN5,6
ZC3H3,SPTBN5,8
ACOT2,SPTBN5,8
CDH3,SPTBN5,6
FAAP100,SPTBN5,8
FCGBP,SPTBN5,8
PPFIBP2,SPTBN5,6
RPTN,SPTBN5,8
ALG14,SPTBN5,8
ALG2,SPTBN5,8
CHAT,SPTBN5,8
CHRNA1,SPTBN5,7
CHRNB1,SPTBN5,7
CHRNE,SPTBN5,7
COL13A1,SPTBN5,6
COLQ,SPTBN5,7
DOK7,SPTBN5,5
DPAGT1,SPTBN5,8
GMPPB,SPTBN5,8
LAMA5,SPTBN5,6
LAMB2,SPTBN5,6
LRP4,SPTBN5,6
MYO9A,SPTBN5,5
PLEC,SPTBN5,6
RAPSN,SPTBN5,6
RPH3A,SPTBN5,5
SCN4A,SPTBN5,7
SLC18A3,SPTBN5,5
SLC25A1,SPTBN5,8
SLC5A7,SPTBN5,7
SYT2,SPTBN5,4
UNC13B,SPTBN5,5
TPCN2,SPTBN5,7
AKNAD1,SPTBN5,6
CLCNKB,SPTBN5,7
CASP12,SPTBN5,8
DEFB115,SPTBN5,7
ATAD3C,SPTBN5,8
KRT79,TNXB,8
MICALL2,TNXB,6
NPHP3,TNXB,8
LEFTY2,TNXB,1
NCKAP5L,TNXB,8
PRRT3,TNXB,6
TOR2A,TNXB,8
DMXL2,TNXB,6
LILRA1,TNXB,4
NAT8B,TNXB,8
UNC13C,TNXB,6
ZP4,TNXB,2
ABCB5,TNXB,8
AMPD1,TNXB,8
ATP6V0A4,TNXB,8
CFHR5,TNXB,5
LBP,TNXB,4
OTOP1,TNXB,8
PLB1,TNXB,8
SLC28A1,TNXB,7
SLC44A4,TNXB,8
VWA5B2,TNXB,6
ZNF778,TNXB,8
CDH23,TNXB,4
CES5A,TNXB,8
CHGB,TNXB,0
MYH15,TNXB,7
SELENOO,TNXB,8
ZNF273,TNXB,8
BAIAP3,TNXB,6
FHAD1,TNXB,8
OR10G9,TNXB,8
DNAAF1,TNXB,8
DNAH17,TNXB,5
DNAH3,TNXB,8
ZC3H3,TNXB,8
ACOT2,TNXB,8
FAAP100,TNXB,8
FCGBP,TNXB,8
RPTN,TNXB,8
ALG14,TNXB,8
ALG2,TNXB,8
CHRNA1,TNXB,7
CHRNB1,TNXB,7
CHRNE,TNXB,7
COL13A1,TNXB,0
COLQ,TNXB,2
DPAGT1,TNXB,8
LRP4,TNXB,0
RPH3A,TNXB,6
SCN4A,TNXB,7
SLC18A3,TNXB,7
SLC25A1,TNXB,8
SLC5A7,TNXB,7
UNC13B,TNXB,6
TPCN2,TNXB,7
AKNAD1,TNXB,7
CLCNKB,TNXB,7
CASP12,TNXB,8
DEFB115,TNXB,7
ATAD3C,TNXB,8
PRRT3,VWA5B2,6
SLC44A4,VWA5B2,8
ZNF778,VWA5B2,8
CES5A,VWA5B2,8
FHAD1,VWA5B2,8
SLC18A3,VWA5B2,1
DEFB115,VWA5B2,7
PRRT3,ZNF778,8
SLC44A4,ZNF778,8
CES5A,ZNF778,8
FHAD1,ZNF778,8
SLC18A3,ZNF778,8
DEFB115,ZNF778,8
KRT79,ANKRD12,8
MICALL2,ANKRD12,8
NPHP3,ANKRD12,7
RP1,ANKRD12,8
DNAH7,ANKRD12,6
FHOD3,ANKRD12,5
LEFTY2,ANKRD12,8
NCKAP5L,ANKRD12,6
PRRT3,ANKRD12,8
TOR2A,ANKRD12,7
CASP5,ANKRD12,5
DMXL2,ANKRD12,8
KIAA1109,ANKRD12,5
LILRA1,ANKRD12,8
LOXL3,ANKRD12,8
LRP2,ANKRD12,8
NAT8B,ANKRD12,5
UNC13C,ANKRD12,8
ZP4,ANKRD12,8
ABCB5,ANKRD12,5
AMPD1,ANKRD12,7
ATP6V0A4,ANKRD12,7
CFHR5,ANKRD12,8
LBP,ANKRD12,8
OTOP1,ANKRD12,7
PLB1,ANKRD12,7
SLC28A1,ANKRD12,8
SLC44A4,ANKRD12,7
SPTBN5,ANKRD12,8
TNXB,ANKRD12,8
VWA5B2,ANKRD12,8
ZNF778,ANKRD12,8
CDH23,ANKRD12,8
CES5A,ANKRD12,7
CHGB,ANKRD12,8
FGL1,ANKRD12,7
MCM8,ANKRD12,5
MYH15,ANKRD12,8
SELENOO,ANKRD12,6
ZNF273,ANKRD12,8
BAIAP3,ANKRD12,8
CFB,ANKRD12,8
COL15A1,ANKRD12,8
FHAD1,ANKRD12,7
HEATR1,ANKRD12,7
OR10G9,ANKRD12,8
DNAAF1,ANKRD12,6
DNAH17,ANKRD12,8
DNAH3,ANKRD12,7
NBEA,ANKRD12,7
SIGLEC12,ANKRD12,8
ZC3H3,ANKRD12,7
ACOT2,ANKRD12,7
CDH3,ANKRD12,8
FAAP100,ANKRD12,5
FCGBP,ANKRD12,5
PPFIBP2,ANKRD12,8
RPTN,ANKRD12,8
ALG14,ANKRD12,7
ALG2,ANKRD12,7
CHAT,ANKRD12,7
CHRNA1,ANKRD12,8
CHRNB1,ANKRD12,8
CHRNE,ANKRD12,8
COL13A1,ANKRD12,8
COLQ,ANKRD12,8
DOK7,ANKRD12,8
DPAGT1,ANKRD12,7
GMPPB,ANKRD12,7
LAMA5,ANKRD12,8
LAMB2,ANKRD12,8
LRP4,ANKRD12,8
MYO9A,ANKRD12,8
PLEC,ANKRD12,8
RAPSN,ANKRD12,8
RPH3A,ANKRD12,8
SCN4A,ANKRD12,8
SLC18A3,ANKRD12,7
SLC25A1,ANKRD12,7
SLC5A7,ANKRD12,8
SYT2,ANKRD12,8
UNC13B,ANKRD12,8
TPCN2,ANKRD12,8
AKNAD1,ANKRD12,8
CLCNKB,ANKRD12,8
CASP12,ANKRD12,5
DEFB115,ANKRD12,8
ATAD3C,ANKRD12,7
MICALL2,CDH23,6
PRRT3,CDH23,6
NAT8B,CDH23,8
ZP4,CDH23,5
ABCB5,CDH23,8
OTOP1,CDH23,8
SLC44A4,CDH23,8
VWA5B2,CDH23,6
ZNF778,CDH23,8
CES5A,CDH23,8
ZNF273,CDH23,8
FHAD1,CDH23,8
DNAH17,CDH23,5
DNAH3,CDH23,8
ACOT2,CDH23,8
ALG14,CDH23,8
COL13A1,CDH23,4
LRP4,CDH23,4
SLC18A3,CDH23,7
AKNAD1,CDH23,7
DEFB115,CDH23,7
DEFB115,CES5A,8
KRT79,CHGB,8
MICALL2,CHGB,6
NPHP3,CHGB,8
NCKAP5L,CHGB,8
PRRT3,CHGB,6
TOR2A,CHGB,8
DMXL2,CHGB,6
LILRA1,CHGB,4
NAT8B,CHGB,8
UNC13C,CHGB,6
ZP4,CHGB,2
ABCB5,CHGB,8
AMPD1,CHGB,8
ATP6V0A4,CHGB,8
CFHR5,CHGB,5
OTOP1,CHGB,8
PLB1,CHGB,8
SLC28A1,CHGB,7
SLC44A4,CHGB,8
VWA5B2,CHGB,6
ZNF778,CHGB,8
CDH23,CHGB,4
CES5A,CHGB,8
MYH15,CHGB,7
SELENOO,CHGB,8
ZNF273,CHGB,8
BAIAP3,CHGB,6
FHAD1,CHGB,8
OR10G9,CHGB,8
DNAAF1,CHGB,8
DNAH17,CHGB,5
DNAH3,CHGB,8
ZC3H3,CHGB,8
ACOT2,CHGB,8
FCGBP,CHGB,8
RPTN,CHGB,8
ALG14,CHGB,8
CHRNA1,CHGB,7
CHRNE,CHGB,7
COL13A1,CHGB,0
COLQ,CHGB,2
DPAGT1,CHGB,8
LRP4,CHGB,0
RPH3A,CHGB,6
SCN4A,CHGB,7
SLC18A3,CHGB,7
SLC25A1,CHGB,8
SLC5A7,CHGB,7
UNC13B,CHGB,6
TPCN2,CHGB,7
AKNAD1,CHGB,7
CLCNKB,CHGB,7
CASP12,CHGB,8
DEFB115,CHGB,7
ATAD3C,CHGB,8
KRT79,FGL1,8
MICALL2,FGL1,8
NPHP3,FGL1,7
FHOD3,FGL1,7
LEFTY2,FGL1,4
NCKAP5L,FGL1,7
PRRT3,FGL1,8
TOR2A,FGL1,7
CASP5,FGL1,7
DMXL2,FGL1,8
KIAA1109,FGL1,7
LILRA1,FGL1,7
NAT8B,FGL1,7
UNC13C,FGL1,8
ZP4,FGL1,4
ABCB5,FGL1,7
AMPD1,FGL1,7
ATP6V0A4,FGL1,7
CFHR5,FGL1,7
LBP,FGL1,7
OTOP1,FGL1,7
PLB1,FGL1,7
SLC28A1,FGL1,8
SLC44A4,FGL1,7
TNXB,FGL1,3
VWA5B2,FGL1,8
ZNF778,FGL1,8
CDH23,FGL1,7
CES5A,FGL1,7
CHGB,FGL1,3
MYH15,FGL1,8
SELENOO,FGL1,6
ZNF273,FGL1,8
BAIAP3,FGL1,8
FHAD1,FGL1,6
HEATR1,FGL1,6
OR10G9,FGL1,8
DNAAF1,FGL1,7
DNAH17,FGL1,8
DNAH3,FGL1,7
ZC3H3,FGL1,6
ACOT2,FGL1,7
CDH3,FGL1,7
FAAP100,FGL1,7
FCGBP,FGL1,7
PPFIBP2,FGL1,8
RPTN,FGL1,8
ALG14,FGL1,6
ALG2,FGL1,6
CHRNA1,FGL1,8
CHRNB1,FGL1,8
CHRNE,FGL1,8
COL13A1,FGL1,3
COLQ,FGL1,3
DOK7,FGL1,8
DPAGT1,FGL1,6
LAMB2,FGL1,3
LRP4,FGL1,3
MYO9A,FGL1,8
RPH3A,FGL1,8
SCN4A,FGL1,8
SLC18A3,FGL1,7
SLC25A1,FGL1,6
SLC5A7,FGL1,8
UNC13B,FGL1,8
TPCN2,FGL1,8
AKNAD1,FGL1,8
CLCNKB,FGL1,8
CASP12,FGL1,7
DEFB115,FGL1,8
ATAD3C,FGL1,6
KRT79,MCM8,8
MICALL2,MCM8,8
NPHP3,MCM8,7
DNAH7,MCM8,5
FHOD3,MCM8,6
LEFTY2,MCM8,8
NCKAP5L,MCM8,5
PRRT3,MCM8,8
TOR2A,MCM8,7
CASP5,MCM8,6
DMXL2,MCM8,8
KIAA1109,MCM8,6
LILRA1,MCM8,8
NAT8B,MCM8,5
UNC13C,MCM8,8
ZP4,MCM8,8
ABCB5,MCM8,6
AMPD1,MCM8,7
ATP6V0A4,MCM8,7
CFHR5,MCM8,8
LBP,MCM8,8
OTOP1,MCM8,7
PLB1,MCM8,7
SLC28A1,MCM8,8
SLC44A4,MCM8,7
TNXB,MCM8,8
VWA5B2,MCM8,8
ZNF778,MCM8,8
CDH23,MCM8,8
CES5A,MCM8,7
CHGB,MCM8,8
FGL1,MCM8,7
MYH15,MCM8,8
SELENOO,MCM8,7
ZNF273,MCM8,8
BAIAP3,MCM8,8
FHAD1,MCM8,7
HEATR1,MCM8,7
OR10G9,MCM8,8
DNAAF1,MCM8,5
DNAH17,MCM8,8
DNAH3,MCM8,6
ZC3H3,MCM8,7
ACOT2,MCM8,7
CDH3,MCM8,8
FAAP100,MCM8,1
FCGBP,MCM8,4
PPFIBP2,MCM8,8
RPTN,MCM8,8
ALG14,MCM8,7
ALG2,MCM8,7
CHRNA1,MCM8,8
CHRNB1,MCM8,8
CHRNE,MCM8,8
COL13A1,MCM8,8
COLQ,MCM8,8
DOK7,MCM8,8
DPAGT1,MCM8,7
LAMB2,MCM8,8
LRP4,MCM8,8
MYO9A,MCM8,8
RPH3A,MCM8,8
SCN4A,MCM8,8
SLC18A3,MCM8,7
SLC25A1,MCM8,7
SLC5A7,MCM8,8
UNC13B,MCM8,8
TPCN2,MCM8,8
AKNAD1,MCM8,8
CLCNKB,MCM8,8
CASP12,MCM8,6
DEFB115,MCM8,8
ATAD3C,MCM8,7
KRT79,MYBPC2,8
MICALL2,MYBPC2,6
NPHP3,MYBPC2,8
RP1,MYBPC2,6
DNAH7,MYBPC2,8
FHOD3,MYBPC2,8
LEFTY2,MYBPC2,4
NCKAP5L,MYBPC2,8
NOTCH4,MYBPC2,4
PRRT3,MYBPC2,6
PTPN14,MYBPC2,6
SMTN,MYBPC2,3
TOR2A,MYBPC2,8
C1orf94,MYBPC2,8
CASP5,MYBPC2,8
DMXL2,MYBPC2,6
KIAA1109,MYBPC2,8
LILRA1,MYBPC2,4
LOXL3,MYBPC2,4
LRP2,MYBPC2,6
NAT8B,MYBPC2,8
UNC13C,MYBPC2,6
ZP4,MYBPC2,5
ABCB5,MYBPC2,8
AMPD1,MYBPC2,8
ATP6V0A4,MYBPC2,8
CFHR5,MYBPC2,5
LBP,MYBPC2,4
OTOP1,MYBPC2,8
PLB1,MYBPC2,8
RPL3L,MYBPC2,8
SLC28A1,MYBPC2,7
SLC44A4,MYBPC2,8
SPTBN5,MYBPC2,6
TNXB,MYBPC2,4
VWA5B2,MYBPC2,6
ZNF778,MYBPC2,8
ANKRD12,MYBPC2,8
CDH23,MYBPC2,4
CES5A,MYBPC2,8
CHGB,MYBPC2,4
FGL1,MYBPC2,7
MCM8,MYBPC2,8
MYH15,MYBPC2,3
SELENOO,MYBPC2,8
ZNF273,MYBPC2,8
BAIAP3,MYBPC2,6
C2CD3,MYBPC2,8
CFB,MYBPC2,4
COL15A1,MYBPC2,4
FHAD1,MYBPC2,8
HEATR1,MYBPC2,8
LAMA2,MYBPC2,4
OR10G9,MYBPC2,8
DNAAF1,MYBPC2,8
DNAH17,MYBPC2,5
DNAH3,MYBPC2,8
NBEA,MYBPC2,8
SIGLEC12,MYBPC2,4
WDSUB1,MYBPC2,8
ZC3H3,MYBPC2,8
ACOT2,MYBPC2,8
CDH3,MYBPC2,4
FAAP100,MYBPC2,8
FCGBP,MYBPC2,8
PPFIBP2,MYBPC2,5
RPTN,MYBPC2,8
USP8,MYBPC2,8
ALG14,MYBPC2,8
ALG2,MYBPC2,8
CHAT,MYBPC2,8
CHRNA1,MYBPC2,7
CHRNB1,MYBPC2,7
CHRNE,MYBPC2,7
CHRNG,MYBPC2,7
COL13A1,MYBPC2,4
COLQ,MYBPC2,6
DOK7,MYBPC2,6
DPAGT1,MYBPC2,8
GFPT1,MYBPC2,8
GMPPB,MYBPC2,8
LAMA5,MYBPC2,4
LAMB2,MYBPC2,4
LRP4,MYBPC2,4
MYO9A,MYBPC2,6
PLEC,MYBPC2,4
PREPL,MYBPC2,8
RAPSN,MYBPC2,6
RPH3A,MYBPC2,6
SCN4A,MYBPC2,7
SLC18A3,MYBPC2,7
SLC25A1,MYBPC2,8
SLC5A7,MYBPC2,7
SYT2,MYBPC2,6
UNC13B,MYBPC2,6
VAMP1,MYBPC2,6
USH2A,MYBPC2,4
UBE2D1,MYBPC2,8
ATAD3B,MYBPC2,6
TPCN2,MYBPC2,4
AKNAD1,MYBPC2,7
CLCNKB,MYBPC2,4
CASP12,MYBPC2,8
PSG5,MYBPC2,4
DEFB115,MYBPC2,7
ATAD3C,MYBPC2,8
MICALL2,MYH15,7
NPHP3,MYH15,8
PRRT3,MYH15,7
TOR2A,MYH15,8
LILRA1,MYH15,7
NAT8B,MYH15,8
ZP4,MYH15,7
ABCB5,MYH15,8
ATP6V0A4,MYH15,8
CFHR5,MYH15,7
OTOP1,MYH15,8
PLB1,MYH15,8
SLC44A4,MYH15,8
VWA5B2,MYH15,7
ZNF778,MYH15,8
CDH23,MYH15,7
CES5A,MYH15,8
ZNF273,MYH15,8
FHAD1,MYH15,8
OR10G9,MYH15,8
DNAH17,MYH15,7
DNAH3,MYH15,8
ACOT2,MYH15,8
FCGBP,MYH15,8
ALG14,MYH15,8
CHRNA1,MYH15,6
CHRNE,MYH15,6
COL13A1,MYH15,7
COLQ,MYH15,7
DPAGT1,MYH15,8
LRP4,MYH15,7
SCN4A,MYH15,5
SLC18A3,MYH15,8
SLC5A7,MYH15,6
TPCN2,MYH15,1
AKNAD1,MYH15,7
CLCNKB,MYH15,1
CASP12,MYH15,8
DEFB115,MYH15,7
ATAD3C,MYH15,8
MICALL2,SELENOO,8
NPHP3,SELENOO,7
PRRT3,SELENOO,8
TOR2A,SELENOO,7
LILRA1,SELENOO,8
NAT8B,SELENOO,7
ZP4,SELENOO,8
ABCB5,SELENOO,6
ATP6V0A4,SELENOO,7
CFHR5,SELENOO,8
OTOP1,SELENOO,7
PLB1,SELENOO,7
SLC44A4,SELENOO,7
VWA5B2,SELENOO,8
ZNF778,SELENOO,8
CDH23,SELENOO,8
CES5A,SELENOO,7
MYH15,SELENOO,8
ZNF273,SELENOO,8
FHAD1,SELENOO,6
OR10G9,SELENOO,8
DNAH17,SELENOO,8
DNAH3,SELENOO,7
ACOT2,SELENOO,7
FCGBP,SELENOO,7
ALG14,SELENOO,6
CHRNA1,SELENOO,8
CHRNE,SELENOO,8
COL13A1,SELENOO,8
COLQ,SELENOO,8
DPAGT1,SELENOO,6
LRP4,SELENOO,8
SCN4A,SELENOO,8
SLC18A3,SELENOO,7
SLC5A7,SELENOO,8
TPCN2,SELENOO,8
AKNAD1,SELENOO,8
CLCNKB,SELENOO,8
CASP12,SELENOO,6
DEFB115,SELENOO,8
ATAD3C,SELENOO,6
AGRN,TIAM1,6
KIF13B,TIAM1,7
KRT79,TIAM1,8
MICALL2,TIAM1,1
NPHP3,TIAM1,8
RAD51AP1,TIAM1,8
RP1,TIAM1,5
DNAH7,TIAM1,8
FHOD3,TIAM1,8
HSPG2,TIAM1,6
LEFTY2,TIAM1,6
NCKAP5L,TIAM1,8
NOTCH4,TIAM1,6
PRRT3,TIAM1,6
PTPN14,TIAM1,6
SMTN,TIAM1,7
SRMS,TIAM1,6
TOR2A,TIAM1,8
C1orf94,TIAM1,8
CASP5,TIAM1,8
DMXL2,TIAM1,5
KIAA1109,TIAM1,8
LILRA1,TIAM1,6
LOXL3,TIAM1,6
LRP2,TIAM1,5
NAT8B,TIAM1,8
UNC13C,TIAM1,5
ZP4,TIAM1,6
ABCB5,TIAM1,8
AMPD1,TIAM1,8
ATP6V0A4,TIAM1,8
CFHR5,TIAM1,7
LBP,TIAM1,6
MYO10,TIAM1,6
OTOP1,TIAM1,8
PLB1,TIAM1,8
RPL3L,TIAM1,8
SLC28A1,TIAM1,7
SLC44A4,TIAM1,8
SPTBN5,TIAM1,5
TNXB,TIAM1,6
VWA5B2,TIAM1,5
ZNF778,TIAM1,8
ANKRD12,TIAM1,8
CDH23,TIAM1,6
CES5A,TIAM1,8
CHGB,TIAM1,6
FGL1,TIAM1,8
MCM8,TIAM1,8
MYBPC2,TIAM1,6
MYH15,TIAM1,7
SELENOO,TIAM1,8
ZNF273,TIAM1,8
BAIAP3,TIAM1,5
C2CD3,TIAM1,8
CFB,TIAM1,6
COL15A1,TIAM1,6
FHAD1,TIAM1,8
HEATR1,TIAM1,8
LAMA2,TIAM1,6
OR10G9,TIAM1,8
DNAAF1,TIAM1,8
DNAH17,TIAM1,6
DNAH3,TIAM1,8
NBEA,TIAM1,8
SIGLEC12,TIAM1,6
TNC,TIAM1,6
WDSUB1,TIAM1,8
ZC3H3,TIAM1,8
ACOT2,TIAM1,8
CDH3,TIAM1,6
FAAP100,TIAM1,8
FCGBP,TIAM1,8
PPFIBP2,TIAM1,6
RPTN,TIAM1,8
USP8,TIAM1,8
AGRN,TIAM1,6
ALG14,TIAM1,8
ALG2,TIAM1,8
CHAT,TIAM1,8
CHRNA1,TIAM1,7
CHRNB1,TIAM1,7
CHRNE,TIAM1,7
CHRNG,TIAM1,7
COL13A1,TIAM1,6
COLQ,TIAM1,7
DOK7,TIAM1,5
DPAGT1,TIAM1,8
GFPT1,TIAM1,8
GMPPB,TIAM1,8
LAMA5,TIAM1,6
LAMB2,TIAM1,6
LRP4,TIAM1,6
MUSK,TIAM1,6
MYO9A,TIAM1,0
PLEC,TIAM1,6
PREPL,TIAM1,8
RAPSN,TIAM1,6
RPH3A,TIAM1,4
SCN4A,TIAM1,7
SLC18A3,TIAM1,6
SLC25A1,TIAM1,8
SLC5A7,TIAM1,7
SYT2,TIAM1,5
UNC13B,TIAM1,5
VAMP1,TIAM1,5
USH2A,TIAM1,6
UBE2D1,TIAM1,8
ATAD3B,TIAM1,6
TPCN2,TIAM1,7
AKNAD1,TIAM1,6
CLCNKB,TIAM1,7
CASP12,TIAM1,8
PSG5,TIAM1,6
DEFB115,TIAM1,7
ATAD3C,TIAM1,8
PRRT3,ZNF273,8
NAT8B,ZNF273,8
ZP4,ZNF273,8
SLC44A4,ZNF273,8
VWA5B2,ZNF273,8
ZNF778,ZNF273,0
CES5A,ZNF273,8
FHAD1,ZNF273,8
DNAH17,ZNF273,8
ACOT2,ZNF273,8
SLC18A3,ZNF273,8
DEFB115,ZNF273,8
MICALL2,BAIAP3,5
NPHP3,BAIAP3,8
PRRT3,BAIAP3,6
TOR2A,BAIAP3,7
LILRA1,BAIAP3,6
NAT8B,BAIAP3,8
ZP4,BAIAP3,6
ABCB5,BAIAP3,8
ATP6V0A4,BAIAP3,8
CFHR5,BAIAP3,7
OTOP1,BAIAP3,8
PLB1,BAIAP3,8
SLC28A1,BAIAP3,7
SLC44A4,BAIAP3,8
VWA5B2,BAIAP3,4
ZNF778,BAIAP3,8
CDH23,BAIAP3,6
CES5A,BAIAP3,8
MYH15,BAIAP3,7
SELENOO,BAIAP3,8
ZNF273,BAIAP3,8
FHAD1,BAIAP3,8
OR10G9,BAIAP3,8
DNAH17,BAIAP3,6
DNAH3,BAIAP3,8
ACOT2,BAIAP3,8
FCGBP,BAIAP3,8
RPTN,BAIAP3,8
ALG14,BAIAP3,8
CHRNA1,BAIAP3,7
CHRNE,BAIAP3,7
COL13A1,BAIAP3,6
COLQ,BAIAP3,7
DPAGT1,BAIAP3,8
LRP4,BAIAP3,6
SCN4A,BAIAP3,5
SLC18A3,BAIAP3,5
SLC5A7,BAIAP3,7
TPCN2,BAIAP3,7
AKNAD1,BAIAP3,3
CLCNKB,BAIAP3,7
CASP12,BAIAP3,8
DEFB115,BAIAP3,7
ATAD3C,BAIAP3,8
KRT79,C2CD3,8
MICALL2,C2CD3,8
NPHP3,C2CD3,6
RP1,C2CD3,8
DNAH7,C2CD3,0
FHOD3,C2CD3,6
LEFTY2,C2CD3,8
NCKAP5L,C2CD3,2
NOTCH4,C2CD3,8
PRRT3,C2CD3,8
PTPN14,C2CD3,8
SMTN,C2CD3,8
TOR2A,C2CD3,7
C1orf94,C2CD3,7
CASP5,C2CD3,6
DMXL2,C2CD3,8
KIAA1109,C2CD3,6
LILRA1,C2CD3,8
LOXL3,C2CD3,8
LRP2,C2CD3,8
NAT8B,C2CD3,6
UNC13C,C2CD3,8
ZP4,C2CD3,8
ABCB5,C2CD3,6
AMPD1,C2CD3,7
ATP6V0A4,C2CD3,7
CFHR5,C2CD3,8
LBP,C2CD3,8
OTOP1,C2CD3,7
PLB1,C2CD3,7
RPL3L,C2CD3,7
SLC28A1,C2CD3,8
SLC44A4,C2CD3,7
SPTBN5,C2CD3,8
TNXB,C2CD3,8
VWA5B2,C2CD3,8
ZNF778,C2CD3,8
ANKRD12,C2CD3,6
CDH23,C2CD3,8
CES5A,C2CD3,7
CHGB,C2CD3,8
FGL1,C2CD3,7
MCM8,C2CD3,5
MYH15,C2CD3,8
SELENOO,C2CD3,7
ZNF273,C2CD3,8
BAIAP3,C2CD3,8
CFB,C2CD3,8
COL15A1,C2CD3,8
FHAD1,C2CD3,7
HEATR1,C2CD3,7
LAMA2,C2CD3,8
OR10G9,C2CD3,8
DNAAF1,C2CD3,0
DNAH17,C2CD3,8
DNAH3,C2CD3,1
NBEA,C2CD3,7
SIGLEC12,C2CD3,8
WDSUB1,C2CD3,6
ZC3H3,C2CD3,7
ACOT2,C2CD3,7
CDH3,C2CD3,8
FAAP100,C2CD3,6
FCGBP,C2CD3,6
PPFIBP2,C2CD3,8
RPTN,C2CD3,8
USP8,C2CD3,6
ALG14,C2CD3,7
ALG2,C2CD3,7
CHAT,C2CD3,7
CHRNA1,C2CD3,8
CHRNB1,C2CD3,8
CHRNE,C2CD3,8
CHRNG,C2CD3,8
COL13A1,C2CD3,8
COLQ,C2CD3,8
DOK7,C2CD3,8
DPAGT1,C2CD3,7
GFPT1,C2CD3,7
GMPPB,C2CD3,7
LAMA5,C2CD3,8
LAMB2,C2CD3,8
LRP4,C2CD3,8
MYO9A,C2CD3,8
PLEC,C2CD3,8
PREPL,C2CD3,7
RAPSN,C2CD3,8
RPH3A,C2CD3,8
SCN4A,C2CD3,8
SLC18A3,C2CD3,7
SLC25A1,C2CD3,7
SLC5A7,C2CD3,8
SYT2,C2CD3,8
UNC13B,C2CD3,8
VAMP1,C2CD3,8
USH2A,C2CD3,8
UBE2D1,C2CD3,6
ATAD3B,C2CD3,8
TPCN2,C2CD3,8
AKNAD1,C2CD3,8
CLCNKB,C2CD3,8
CASP12,C2CD3,6
PSG5,C2CD3,8
DEFB115,C2CD3,8
ATAD3C,C2CD3,7
KRT79,CFB,8
MICALL2,CFB,6
NPHP3,CFB,8
RP1,CFB,6
DNAH7,CFB,8
FHOD3,CFB,8
LEFTY2,CFB,4
NCKAP5L,CFB,8
PRRT3,CFB,6
TOR2A,CFB,8
CASP5,CFB,8
DMXL2,CFB,6
KIAA1109,CFB,8
LILRA1,CFB,0
LOXL3,CFB,4
LRP2,CFB,6
NAT8B,CFB,8
UNC13C,CFB,6
ZP4,CFB,5
ABCB5,CFB,8
AMPD1,CFB,8
ATP6V0A4,CFB,8
CFHR5,CFB,2
LBP,CFB,3
OTOP1,CFB,8
PLB1,CFB,8
SLC28A1,CFB,7
SLC44A4,CFB,8
TNXB,CFB,4
VWA5B2,CFB,6
ZNF778,CFB,8
CDH23,CFB,4
CES5A,CFB,8
CHGB,CFB,4
FGL1,CFB,7
MCM8,CFB,8
MYH15,CFB,7
SELENOO,CFB,8
ZNF273,CFB,8
BAIAP3,CFB,6
COL15A1,CFB,4
FHAD1,CFB,8
HEATR1,CFB,8
OR10G9,CFB,8
DNAAF1,CFB,8
DNAH17,CFB,5
DNAH3,CFB,8
NBEA,CFB,8
SIGLEC12,CFB,0
ZC3H3,CFB,8
ACOT2,CFB,8
CDH3,CFB,4
FAAP100,CFB,8
FCGBP,CFB,8
PPFIBP2,CFB,5
RPTN,CFB,8
ALG14,CFB,8
ALG2,CFB,8
CHRNA1,CFB,7
CHRNB1,CFB,7
CHRNE,CFB,7
COL13A1,CFB,4
COLQ,CFB,6
DOK7,CFB,6
DPAGT1,CFB,8
GMPPB,CFB,8
LAMA5,CFB,4
LAMB2,CFB,4
LRP4,CFB,4
MYO9A,CFB,6
PLEC,CFB,4
RAPSN,CFB,6
RPH3A,CFB,6
SCN4A,CFB,7
SLC18A3,CFB,7
SLC25A1,CFB,8
SLC5A7,CFB,7
SYT2,CFB,6
UNC13B,CFB,6
TPCN2,CFB,7
AKNAD1,CFB,7
CLCNKB,CFB,7
CASP12,CFB,8
DEFB115,CFB,7
ATAD3C,CFB,8
KRT79,COL15A1,8
MICALL2,COL15A1,6
NPHP3,COL15A1,8
RP1,COL15A1,6
DNAH7,COL15A1,8
FHOD3,COL15A1,8
LEFTY2,COL15A1,1
NCKAP5L,COL15A1,8
PRRT3,COL15A1,6
TOR2A,COL15A1,8
CASP5,COL15A1,8
DMXL2,COL15A1,6
KIAA1109,COL15A1,8
LILRA1,COL15A1,4
LOXL3,COL15A1,0
LRP2,COL15A1,6
NAT8B,COL15A1,8
UNC13C,COL15A1,6
ZP4,COL15A1,2
ABCB5,COL15A1,8
AMPD1,COL15A1,8
ATP6V0A4,COL15A1,8
CFHR5,COL15A1,5
LBP,COL15A1,4
OTOP1,COL15A1,8
PLB1,COL15A1,8
SLC28A1,COL15A1,7
SLC44A4,COL15A1,8
TNXB,COL15A1,0
VWA5B2,COL15A1,6
ZNF778,COL15A1,8
CDH23,COL15A1,4
CES5A,COL15A1,8
CHGB,COL15A1,0
FGL1,COL15A1,3
MCM8,COL15A1,8
MYH15,COL15A1,7
SELENOO,COL15A1,8
ZNF273,COL15A1,8
BAIAP3,COL15A1,6
FHAD1,COL15A1,8
HEATR1,COL15A1,8
OR10G9,COL15A1,8
DNAAF1,COL15A1,8
DNAH17,COL15A1,5
DNAH3,COL15A1,8
NBEA,COL15A1,8
SIGLEC12,COL15A1,4
ZC3H3,COL15A1,8
ACOT2,COL15A1,8
CDH3,COL15A1,4
FAAP100,COL15A1,8
FCGBP,COL15A1,8
PPFIBP2,COL15A1,5
RPTN,COL15A1,8
ALG14,COL15A1,8
ALG2,COL15A1,8
CHRNA1,COL15A1,7
CHRNB1,COL15A1,7
CHRNE,COL15A1,7
COL13A1,COL15A1,0
COLQ,COL15A1,2
DOK7,COL15A1,6
DPAGT1,COL15A1,8
GMPPB,COL15A1,8
LAMA5,COL15A1,0
LAMB2,COL15A1,0
LRP4,COL15A1,0
MYO9A,COL15A1,6
RAPSN,COL15A1,6
RPH3A,COL15A1,6
SCN4A,COL15A1,7
SLC18A3,COL15A1,7
SLC25A1,COL15A1,8
SLC5A7,COL15A1,7
SYT2,COL15A1,6
UNC13B,COL15A1,6
TPCN2,COL15A1,7
AKNAD1,COL15A1,7
CLCNKB,COL15A1,7
CASP12,COL15A1,8
DEFB115,COL15A1,7
ATAD3C,COL15A1,8
PRRT3,FHAD1,8
SLC44A4,FHAD1,7
CES5A,FHAD1,7
SLC18A3,FHAD1,7
DEFB115,FHAD1,8
KRT79,HEATR1,8
MICALL2,HEATR1,8
NPHP3,HEATR1,7
FHOD3,HEATR1,7
LEFTY2,HEATR1,8
NCKAP5L,HEATR1,7
PRRT3,HEATR1,8
TOR2A,HEATR1,7
CASP5,HEATR1,7
DMXL2,HEATR1,8
LILRA1,HEATR1,8
NAT8B,HEATR1,7
UNC13C,HEATR1,8
ZP4,HEATR1,8
ABCB5,HEATR1,7
AMPD1,HEATR1,7
ATP6V0A4,HEATR1,7
CFHR5,HEATR1,8
LBP,HEATR1,8
OTOP1,HEATR1,7
PLB1,HEATR1,7
SLC28A1,HEATR1,8
SLC44A4,HEATR1,7
TNXB,HEATR1,8
VWA5B2,HEATR1,8
ZNF778,HEATR1,8
CDH23,HEATR1,8
CES5A,HEATR1,7
CHGB,HEATR1,8
MYH15,HEATR1,8
SELENOO,HEATR1,6
ZNF273,HEATR1,8
BAIAP3,HEATR1,8
FHAD1,HEATR1,6
OR10G9,HEATR1,8
DNAAF1,HEATR1,7
DNAH17,HEATR1,8
DNAH3,HEATR1,7
ZC3H3,HEATR1,5
ACOT2,HEATR1,7
FAAP100,HEATR1,7
FCGBP,HEATR1,7
RPTN,HEATR1,8
ALG14,HEATR1,6
ALG2,HEATR1,6
CHRNA1,HEATR1,8
CHRNB1,HEATR1,8
CHRNE,HEATR1,8
COL13A1,HEATR1,8
COLQ,HEATR1,8
DPAGT1,HEATR1,6
LRP4,HEATR1,8
RPH3A,HEATR1,8
SCN4A,HEATR1,8
SLC18A3,HEATR1,7
SLC25A1,HEATR1,6
SLC5A7,HEATR1,8
UNC13B,HEATR1,8
TPCN2,HEATR1,8
AKNAD1,HEATR1,8
CLCNKB,HEATR1,8
CASP12,HEATR1,7
DEFB115,HEATR1,8
ATAD3C,HEATR1,6
KRT79,LAMA2,8
MICALL2,LAMA2,6
NPHP3,LAMA2,8
RP1,LAMA2,6
DNAH7,LAMA2,8
FHOD3,LAMA2,8
LEFTY2,LAMA2,1
NCKAP5L,LAMA2,8
PRRT3,LAMA2,6
TOR2A,LAMA2,8
CASP5,LAMA2,8
DMXL2,LAMA2,6
KIAA1109,LAMA2,8
LILRA1,LAMA2,4
LOXL3,LAMA2,0
LRP2,LAMA2,6
NAT8B,LAMA2,8
UNC13C,LAMA2,6
ZP4,LAMA2,2
ABCB5,LAMA2,8
AMPD1,LAMA2,8
ATP6V0A4,LAMA2,8
CFHR5,LAMA2,5
LBP,LAMA2,4
OTOP1,LAMA2,8
PLB1,LAMA2,8
RPL3L,LAMA2,8
SLC28A1,LAMA2,7
SLC44A4,LAMA2,8
SPTBN5,LAMA2,6
TNXB,LAMA2,0
VWA5B2,LAMA2,6
ZNF778,LAMA2,8
ANKRD12,LAMA2,8
CDH23,LAMA2,4
CES5A,LAMA2,8
CHGB,LAMA2,0
FGL1,LAMA2,3
MCM8,LAMA2,8
MYH15,LAMA2,7
SELENOO,LAMA2,8
ZNF273,LAMA2,8
BAIAP3,LAMA2,6
CFB,LAMA2,4
COL15A1,LAMA2,0
FHAD1,LAMA2,8
HEATR1,LAMA2,8
OR10G9,LAMA2,8
DNAAF1,LAMA2,8
DNAH17,LAMA2,5
DNAH3,LAMA2,8
NBEA,LAMA2,8
SIGLEC12,LAMA2,4
ZC3H3,LAMA2,8
ACOT2,LAMA2,8
CDH3,LAMA2,4
FAAP100,LAMA2,8
FCGBP,LAMA2,8
PPFIBP2,LAMA2,5
RPTN,LAMA2,8
ALG14,LAMA2,8
ALG2,LAMA2,8
CHAT,LAMA2,8
CHRNA1,LAMA2,7
CHRNB1,LAMA2,7
CHRNE,LAMA2,7
COL13A1,LAMA2,0
COLQ,LAMA2,2
DOK7,LAMA2,6
DPAGT1,LAMA2,8
GMPPB,LAMA2,8
LAMA5,LAMA2,0
LAMB2,LAMA2,0
LRP4,LAMA2,0
MYO9A,LAMA2,6
PLEC,LAMA2,0
PREPL,LAMA2,8
RAPSN,LAMA2,6
RPH3A,LAMA2,6
SCN4A,LAMA2,7
SLC18A3,LAMA2,7
SLC25A1,LAMA2,8
SLC5A7,LAMA2,7
SYT2,LAMA2,6
UNC13B,LAMA2,6
VAMP1,LAMA2,6
USH2A,LAMA2,0
TPCN2,LAMA2,7
AKNAD1,LAMA2,7
CLCNKB,LAMA2,7
CASP12,LAMA2,8
PSG5,LAMA2,1
DEFB115,LAMA2,7
ATAD3C,LAMA2,8
MICALL2,OR10G9,8
NPHP3,OR10G9,8
PRRT3,OR10G9,8
NAT8B,OR10G9,8
ZP4,OR10G9,8
ABCB5,OR10G9,8
ATP6V0A4,OR10G9,8
OTOP1,OR10G9,8
PLB1,OR10G9,8
SLC44A4,OR10G9,8
VWA5B2,OR10G9,8
ZNF778,OR10G9,8
CDH23,OR10G9,8
CES5A,OR10G9,8
ZNF273,OR10G9,8
FHAD1,OR10G9,8
DNAH17,OR10G9,8
DNAH3,OR10G9,8
ACOT2,OR10G9,8
ALG14,OR10G9,8
CHRNE,OR10G9,8
COL13A1,OR10G9,8
COLQ,OR10G9,8
DPAGT1,OR10G9,8
LRP4,OR10G9,8
SCN4A,OR10G9,8
SLC18A3,OR10G9,8
SLC5A7,OR10G9,8
TPCN2,OR10G9,8
AKNAD1,OR10G9,8
CASP12,OR10G9,8
DEFB115,OR10G9,8
ATAD3C,OR10G9,8
MICALL2,DNAAF1,8
NPHP3,DNAAF1,6
NCKAP5L,DNAAF1,2
PRRT3,DNAAF1,8
TOR2A,DNAAF1,7
DMXL2,DNAAF1,8
LILRA1,DNAAF1,8
NAT8B,DNAAF1,6
UNC13C,DNAAF1,8
ZP4,DNAAF1,8
ABCB5,DNAAF1,6
AMPD1,DNAAF1,7
ATP6V0A4,DNAAF1,7
CFHR5,DNAAF1,8
OTOP1,DNAAF1,7
PLB1,DNAAF1,7
SLC28A1,DNAAF1,8
SLC44A4,DNAAF1,7
VWA5B2,DNAAF1,8
ZNF778,DNAAF1,8
CDH23,DNAAF1,8
CES5A,DNAAF1,7
MYH15,DNAAF1,8
SELENOO,DNAAF1,7
ZNF273,DNAAF1,8
BAIAP3,DNAAF1,8
FHAD1,DNAAF1,7
OR10G9,DNAAF1,8
DNAH17,DNAAF1,8
DNAH3,DNAAF1,1
ZC3H3,DNAAF1,7
ACOT2,DNAAF1,7
FCGBP,DNAAF1,6
RPTN,DNAAF1,8
ALG14,DNAAF1,7
CHRNA1,DNAAF1,8
CHRNE,DNAAF1,8
COL13A1,DNAAF1,8
COLQ,DNAAF1,8
DPAGT1,DNAAF1,7
LRP4,DNAAF1,8
SCN4A,DNAAF1,8
SLC18A3,DNAAF1,7
SLC25A1,DNAAF1,7
SLC5A7,DNAAF1,8
UNC13B,DNAAF1,8
TPCN2,DNAAF1,8
AKNAD1,DNAAF1,8
CLCNKB,DNAAF1,8
CASP12,DNAAF1,6
DEFB115,DNAAF1,8
ATAD3C,DNAAF1,7
PRRT3,DNAH17,6
NAT8B,DNAH17,8
ZP4,DNAH17,6
SLC44A4,DNAH17,8
VWA5B2,DNAH17,5
ZNF778,DNAH17,8
CES5A,DNAH17,8
FHAD1,DNAH17,8
ACOT2,DNAH17,8
SLC18A3,DNAH17,6
DEFB115,DNAH17,7
MICALL2,DNAH3,8
PRRT3,DNAH3,8
NAT8B,DNAH3,7
ZP4,DNAH3,8
ABCB5,DNAH3,7
OTOP1,DNAH3,7
SLC44A4,DNAH3,7
VWA5B2,DNAH3,8
ZNF778,DNAH3,8
CES5A,DNAH3,7
ZNF273,DNAH3,8
FHAD1,DNAH3,7
DNAH17,DNAH3,8
ACOT2,DNAH3,7
ALG14,DNAH3,7
COL13A1,DNAH3,8
LRP4,DNAH3,8
SLC18A3,DNAH3,7
DEFB115,DNAH3,8
KRT79,NBEA,7
MICALL2,NBEA,8
NPHP3,NBEA,6
RP1,NBEA,8
DNAH7,NBEA,7
FHOD3,NBEA,7
LEFTY2,NBEA,8
NCKAP5L,NBEA,7
PRRT3,NBEA,8
TOR2A,NBEA,6
CASP5,NBEA,7
DMXL2,NBEA,5
KIAA1109,NBEA,5
LILRA1,NBEA,8
LOXL3,NBEA,8
NAT8B,NBEA,7
UNC13C,NBEA,5
ZP4,NBEA,8
ABCB5,NBEA,7
AMPD1,NBEA,7
ATP6V0A4,NBEA,7
CFHR5,NBEA,7
LBP,NBEA,8
OTOP1,NBEA,7
PLB1,NBEA,7
SLC28A1,NBEA,8
SLC44A4,NBEA,7
TNXB,NBEA,8
VWA5B2,NBEA,7
ZNF778,NBEA,8
CDH23,NBEA,8
CES5A,NBEA,7
CHGB,NBEA,8
FGL1,NBEA,7
MCM8,NBEA,7
MYH15,NBEA,8
SELENOO,NBEA,7
ZNF273,NBEA,8
BAIAP3,NBEA,5
FHAD1,NBEA,7
HEATR1,NBEA,7
OR10G9,NBEA,8
DNAAF1,NBEA,7
DNAH17,NBEA,8
DNAH3,NBEA,7
ZC3H3,NBEA,7
ACOT2,NBEA,7
CDH3,NBEA,8
FAAP100,NBEA,7
FCGBP,NBEA,7
PPFIBP2,NBEA,7
RPTN,NBEA,7
ALG14,NBEA,7
ALG2,NBEA,7
CHRNA1,NBEA,7
CHRNB1,NBEA,7
CHRNE,NBEA,7
COL13A1,NBEA,8
COLQ,NBEA,7
DOK7,NBEA,5
DPAGT1,NBEA,7
GMPPB,NBEA,7
LAMB2,NBEA,8
LRP4,NBEA,8
MYO9A,NBEA,8
RAPSN,NBEA,4
RPH3A,NBEA,5
SCN4A,NBEA,6
SLC18A3,NBEA,6
SLC25A1,NBEA,7
SLC5A7,NBEA,8
SYT2,NBEA,7
UNC13B,NBEA,5
TPCN2,NBEA,8
AKNAD1,NBEA,6
CLCNKB,NBEA,8
CASP12,NBEA,7
DEFB115,NBEA,8
ATAD3C,NBEA,7
KRT79,SIGLEC12,8
MICALL2,SIGLEC12,6
NPHP3,SIGLEC12,8
RP1,SIGLEC12,6
DNAH7,SIGLEC12,8
FHOD3,SIGLEC12,8
LEFTY2,SIGLEC12,4
NCKAP5L,SIGLEC12,8
PRRT3,SIGLEC12,6
TOR2A,SIGLEC12,8
CASP5,SIGLEC12,8
DMXL2,SIGLEC12,6
KIAA1109,SIGLEC12,8
LILRA1,SIGLEC12,0
LOXL3,SIGLEC12,4
NAT8B,SIGLEC12,8
UNC13C,SIGLEC12,6
ZP4,SIGLEC12,5
ABCB5,SIGLEC12,8
AMPD1,SIGLEC12,8
ATP6V0A4,SIGLEC12,8
CFHR5,SIGLEC12,2
LBP,SIGLEC12,3
OTOP1,SIGLEC12,8
PLB1,SIGLEC12,8
SLC28A1,SIGLEC12,7
SLC44A4,SIGLEC12,8
TNXB,SIGLEC12,4
VWA5B2,SIGLEC12,6
ZNF778,SIGLEC12,8
CDH23,SIGLEC12,4
CES5A,SIGLEC12,8
CHGB,SIGLEC12,4
FGL1,SIGLEC12,7
MCM8,SIGLEC12,8
MYH15,SIGLEC12,7
SELENOO,SIGLEC12,8
ZNF273,SIGLEC12,8
BAIAP3,SIGLEC12,6
FHAD1,SIGLEC12,8
HEATR1,SIGLEC12,8
OR10G9,SIGLEC12,8
DNAAF1,SIGLEC12,8
DNAH17,SIGLEC12,5
DNAH3,SIGLEC12,8
NBEA,SIGLEC12,8
ZC3H3,SIGLEC12,8
ACOT2,SIGLEC12,8
CDH3,SIGLEC12,4
FAAP100,SIGLEC12,8
FCGBP,SIGLEC12,8
PPFIBP2,SIGLEC12,5
RPTN,SIGLEC12,8
ALG14,SIGLEC12,8
ALG2,SIGLEC12,8
CHRNA1,SIGLEC12,7
CHRNB1,SIGLEC12,7
CHRNE,SIGLEC12,7
COL13A1,SIGLEC12,4
COLQ,SIGLEC12,6
DOK7,SIGLEC12,6
DPAGT1,SIGLEC12,8
GMPPB,SIGLEC12,8
LAMB2,SIGLEC12,4
LRP4,SIGLEC12,4
MYO9A,SIGLEC12,6
RAPSN,SIGLEC12,6
RPH3A,SIGLEC12,6
SCN4A,SIGLEC12,7
SLC18A3,SIGLEC12,7
SLC25A1,SIGLEC12,8
SLC5A7,SIGLEC12,7
SYT2,SIGLEC12,6
UNC13B,SIGLEC12,6
TPCN2,SIGLEC12,7
AKNAD1,SIGLEC12,7
CLCNKB,SIGLEC12,7
CASP12,SIGLEC12,8
DEFB115,SIGLEC12,7
ATAD3C,SIGLEC12,8
KRT79,TNC,8
MICALL2,TNC,6
NPHP3,TNC,8
RP1,TNC,6
DNAH7,TNC,8
FHOD3,TNC,8
HSPG2,TNC,0
LEFTY2,TNC,1
NCKAP5L,TNC,8
NOTCH4,TNC,4
PRRT3,TNC,6
PTPN14,TNC,6
SMTN,TNC,7
TOR2A,TNC,8
C1orf94,TNC,8
CASP5,TNC,8
DMXL2,TNC,6
KIAA1109,TNC,8
LILRA1,TNC,4
LOXL3,TNC,0
LRP2,TNC,6
NAT8B,TNC,8
UNC13C,TNC,6
ZP4,TNC,2
ABCB5,TNC,8
AMPD1,TNC,8
ATP6V0A4,TNC,8
CFHR5,TNC,5
LBP,TNC,4
OTOP1,TNC,8
PLB1,TNC,8
RPL3L,TNC,8
SLC28A1,TNC,7
SLC44A4,TNC,8
SPTBN5,TNC,6
TNXB,TNC,0
VWA5B2,TNC,6
ZNF778,TNC,8
ANKRD12,TNC,8
CDH23,TNC,4
CES5A,TNC,8
CHGB,TNC,0
FGL1,TNC,3
MCM8,TNC,8
MYBPC2,TNC,4
MYH15,TNC,7
SELENOO,TNC,8
ZNF273,TNC,8
BAIAP3,TNC,6
C2CD3,TNC,8
CFB,TNC,4
COL15A1,TNC,0
FHAD1,TNC,8
HEATR1,TNC,8
LAMA2,TNC,0
OR10G9,TNC,8
DNAAF1,TNC,8
DNAH17,TNC,5
DNAH3,TNC,8
NBEA,TNC,8
SIGLEC12,TNC,4
WDSUB1,TNC,8
ZC3H3,TNC,8
ACOT2,TNC,8
CDH3,TNC,4
FAAP100,TNC,8
FCGBP,TNC,8
PPFIBP2,TNC,5
RPTN,TNC,8
USP8,TNC,8
ALG14,TNC,8
ALG2,TNC,8
CHAT,TNC,8
CHRNA1,TNC,7
CHRNB1,TNC,7
CHRNE,TNC,7
CHRNG,TNC,7
COL13A1,TNC,0
COLQ,TNC,2
DOK7,TNC,6
DPAGT1,TNC,8
GFPT1,TNC,8
GMPPB,TNC,8
LAMA5,TNC,0
LAMB2,TNC,0
LRP4,TNC,0
MYO9A,TNC,6
PLEC,TNC,0
PREPL,TNC,8
RAPSN,TNC,6
RPH3A,TNC,6
SCN4A,TNC,7
SLC18A3,TNC,7
SLC25A1,TNC,8
SLC5A7,TNC,7
SYT2,TNC,6
UNC13B,TNC,6
VAMP1,TNC,6
USH2A,TNC,0
UBE2D1,TNC,8
ATAD3B,TNC,6
TPCN2,TNC,7
AKNAD1,TNC,7
CLCNKB,TNC,7
CASP12,TNC,8
PSG5,TNC,1
DEFB115,TNC,7
ATAD3C,TNC,8
KRT79,WDSUB1,8
MICALL2,WDSUB1,8
NPHP3,WDSUB1,7
RP1,WDSUB1,4
DNAH7,WDSUB1,6
FHOD3,WDSUB1,4
LEFTY2,WDSUB1,8
NCKAP5L,WDSUB1,6
PRRT3,WDSUB1,8
TOR2A,WDSUB1,7
CASP5,WDSUB1,5
DMXL2,WDSUB1,8
KIAA1109,WDSUB1,5
LILRA1,WDSUB1,8
LOXL3,WDSUB1,8
LRP2,WDSUB1,8
NAT8B,WDSUB1,6
UNC13C,WDSUB1,8
ZP4,WDSUB1,8
ABCB5,WDSUB1,3
AMPD1,WDSUB1,7
ATP6V0A4,WDSUB1,7
CFHR5,WDSUB1,8
LBP,WDSUB1,8
OTOP1,WDSUB1,7
PLB1,WDSUB1,7
RPL3L,WDSUB1,7
SLC28A1,WDSUB1,8
SLC44A4,WDSUB1,7
SPTBN5,WDSUB1,8
TNXB,WDSUB1,8
VWA5B2,WDSUB1,8
ZNF778,WDSUB1,8
ANKRD12,WDSUB1,5
CDH23,WDSUB1,8
CES5A,WDSUB1,7
CHGB,WDSUB1,8
FGL1,WDSUB1,7
MCM8,WDSUB1,6
MYH15,WDSUB1,8
SELENOO,WDSUB1,6
ZNF273,WDSUB1,8
BAIAP3,WDSUB1,8
CFB,WDSUB1,8
COL15A1,WDSUB1,8
FHAD1,WDSUB1,7
HEATR1,WDSUB1,7
LAMA2,WDSUB1,8
OR10G9,WDSUB1,8
DNAAF1,WDSUB1,6
DNAH17,WDSUB1,8
DNAH3,WDSUB1,7
NBEA,WDSUB1,7
SIGLEC12,WDSUB1,8
ZC3H3,WDSUB1,7
ACOT2,WDSUB1,7
CDH3,WDSUB1,8
FAAP100,WDSUB1,6
FCGBP,WDSUB1,6
PPFIBP2,WDSUB1,8
RPTN,WDSUB1,8
USP8,WDSUB1,5
ALG14,WDSUB1,7
ALG2,WDSUB1,7
CHAT,WDSUB1,7
CHRNA1,WDSUB1,8
CHRNB1,WDSUB1,8
CHRNE,WDSUB1,8
COL13A1,WDSUB1,8
COLQ,WDSUB1,8
DOK7,WDSUB1,8
DPAGT1,WDSUB1,7
GMPPB,WDSUB1,7
LAMA5,WDSUB1,8
LAMB2,WDSUB1,8
LRP4,WDSUB1,8
MYO9A,WDSUB1,8
PLEC,WDSUB1,8
PREPL,WDSUB1,7
RAPSN,WDSUB1,8
RPH3A,WDSUB1,8
SCN4A,WDSUB1,8
SLC18A3,WDSUB1,7
SLC25A1,WDSUB1,7
SLC5A7,WDSUB1,8
SYT2,WDSUB1,8
UNC13B,WDSUB1,8
VAMP1,WDSUB1,8
USH2A,WDSUB1,8
TPCN2,WDSUB1,8
AKNAD1,WDSUB1,8
CLCNKB,WDSUB1,8
CASP12,WDSUB1,5
PSG5,WDSUB1,8
DEFB115,WDSUB1,8
ATAD3C,WDSUB1,7
MICALL2,ZC3H3,8
NPHP3,ZC3H3,7
PRRT3,ZC3H3,8
TOR2A,ZC3H3,7
DMXL2,ZC3H3,8
LILRA1,ZC3H3,8
NAT8B,ZC3H3,7
ZP4,ZC3H3,8
ABCB5,ZC3H3,7
AMPD1,ZC3H3,7
ATP6V0A4,ZC3H3,7
CFHR5,ZC3H3,8
OTOP1,ZC3H3,7
PLB1,ZC3H3,7
SLC28A1,ZC3H3,8
SLC44A4,ZC3H3,7
VWA5B2,ZC3H3,8
ZNF778,ZC3H3,8
CDH23,ZC3H3,8
CES5A,ZC3H3,7
MYH15,ZC3H3,8
SELENOO,ZC3H3,6
ZNF273,ZC3H3,8
BAIAP3,ZC3H3,8
FHAD1,ZC3H3,6
OR10G9,ZC3H3,8
DNAH17,ZC3H3,8
DNAH3,ZC3H3,7
ACOT2,ZC3H3,7
FCGBP,ZC3H3,7
RPTN,ZC3H3,8
ALG14,ZC3H3,6
CHRNA1,ZC3H3,8
CHRNE,ZC3H3,8
COL13A1,ZC3H3,8
COLQ,ZC3H3,8
DPAGT1,ZC3H3,6
LRP4,ZC3H3,8
SCN4A,ZC3H3,8
SLC18A3,ZC3H3,7
SLC25A1,ZC3H3,6
SLC5A7,ZC3H3,8
TPCN2,ZC3H3,8
AKNAD1,ZC3H3,8
CLCNKB,ZC3H3,8
CASP12,ZC3H3,7
DEFB115,ZC3H3,8
ATAD3C,ZC3H3,6
PRRT3,ACOT2,8
ZP4,ACOT2,8
SLC44A4,ACOT2,6
VWA5B2,ACOT2,8
ZNF778,ACOT2,8
CES5A,ACOT2,6
FHAD1,ACOT2,7
SLC18A3,ACOT2,7
DEFB115,ACOT2,8
KRT79,CDH3,8
MICALL2,CDH3,6
NPHP3,CDH3,8
FHOD3,CDH3,8
LEFTY2,CDH3,4
NCKAP5L,CDH3,8
PRRT3,CDH3,6
TOR2A,CDH3,8
CASP5,CDH3,8
DMXL2,CDH3,6
KIAA1109,CDH3,7
LILRA1,CDH3,4
NAT8B,CDH3,8
UNC13C,CDH3,6
ZP4,CDH3,5
ABCB5,CDH3,8
AMPD1,CDH3,8
ATP6V0A4,CDH3,8
CFHR5,CDH3,5
LBP,CDH3,4
OTOP1,CDH3,8
PLB1,CDH3,8
SLC28A1,CDH3,7
SLC44A4,CDH3,8
TNXB,CDH3,4
VWA5B2,CDH3,6
ZNF778,CDH3,8
CDH23,CDH3,0
CES5A,CDH3,8
CHGB,CDH3,4
MYH15,CDH3,7
SELENOO,CDH3,8
ZNF273,CDH3,8
BAIAP3,CDH3,6
FHAD1,CDH3,8
HEATR1,CDH3,8
OR10G9,CDH3,8
DNAAF1,CDH3,8
DNAH17,CDH3,5
DNAH3,CDH3,8
ZC3H3,CDH3,8
ACOT2,CDH3,8
FAAP100,CDH3,8
FCGBP,CDH3,8
PPFIBP2,CDH3,3
RPTN,CDH3,8
ALG14,CDH3,8
ALG2,CDH3,8
CHRNA1,CDH3,7
CHRNB1,CDH3,7
CHRNE,CDH3,7
COL13A1,CDH3,4
COLQ,CDH3,6
DOK7,CDH3,6
DPAGT1,CDH3,8
LRP4,CDH3,4
MYO9A,CDH3,6
RPH3A,CDH3,6
SCN4A,CDH3,7
SLC18A3,CDH3,7
SLC25A1,CDH3,8
SLC5A7,CDH3,7
UNC13B,CDH3,6
TPCN2,CDH3,7
AKNAD1,CDH3,7
CLCNKB,CDH3,7
CASP12,CDH3,8
DEFB115,CDH3,7
ATAD3C,CDH3,8
KRT79,FAAP100,8
MICALL2,FAAP100,8
NPHP3,FAAP100,7
NCKAP5L,FAAP100,6
PRRT3,FAAP100,8
TOR2A,FAAP100,7
DMXL2,FAAP100,8
LILRA1,FAAP100,8
NAT8B,FAAP100,4
UNC13C,FAAP100,8
ZP4,FAAP100,8
ABCB5,FAAP100,6
AMPD1,FAAP100,7
ATP6V0A4,FAAP100,7
CFHR5,FAAP100,8
LBP,FAAP100,8
OTOP1,FAAP100,6
PLB1,FAAP100,7
SLC28A1,FAAP100,8
SLC44A4,FAAP100,7
VWA5B2,FAAP100,8
ZNF778,FAAP100,8
CDH23,FAAP100,8
CES5A,FAAP100,7
CHGB,FAAP100,8
MYH15,FAAP100,8
SELENOO,FAAP100,7
ZNF273,FAAP100,8
BAIAP3,FAAP100,8
FHAD1,FAAP100,7
OR10G9,FAAP100,8
DNAAF1,FAAP100,6
DNAH17,FAAP100,8
DNAH3,FAAP100,7
ZC3H3,FAAP100,7
ACOT2,FAAP100,7
FCGBP,FAAP100,3
RPTN,FAAP100,8
ALG14,FAAP100,7
ALG2,FAAP100,7
CHRNA1,FAAP100,8
CHRNB1,FAAP100,8
CHRNE,FAAP100,8
COL13A1,FAAP100,8
COLQ,FAAP100,8
DPAGT1,FAAP100,7
LRP4,FAAP100,8
RPH3A,FAAP100,8
SCN4A,FAAP100,8
SLC18A3,FAAP100,7
SLC25A1,FAAP100,7
SLC5A7,FAAP100,8
UNC13B,FAAP100,8
TPCN2,FAAP100,8
AKNAD1,FAAP100,8
CLCNKB,FAAP100,8
CASP12,FAAP100,6
DEFB115,FAAP100,8
ATAD3C,FAAP100,7
MICALL2,FCGBP,8
NPHP3,FCGBP,7
PRRT3,FCGBP,8
TOR2A,FCGBP,7
LILRA1,FCGBP,8
NAT8B,FCGBP,4
ZP4,FCGBP,8
ABCB5,FCGBP,6
ATP6V0A4,FCGBP,7
OTOP1,FCGBP,6
PLB1,FCGBP,7
SLC44A4,FCGBP,7
VWA5B2,FCGBP,8
ZNF778,FCGBP,8
CDH23,FCGBP,8
CES5A,FCGBP,7
ZNF273,FCGBP,8
FHAD1,FCGBP,7
OR10G9,FCGBP,8
DNAH17,FCGBP,8
DNAH3,FCGBP,7
ACOT2,FCGBP,7
ALG14,FCGBP,7
CHRNA1,FCGBP,8
CHRNE,FCGBP,8
COL13A1,FCGBP,8
COLQ,FCGBP,8
DPAGT1,FCGBP,7
LRP4,FCGBP,8
SCN4A,FCGBP,8
SLC18A3,FCGBP,7
SLC5A7,FCGBP,8
TPCN2,FCGBP,8
AKNAD1,FCGBP,8
CASP12,FCGBP,6
DEFB115,FCGBP,8
ATAD3C,FCGBP,7
KRT79,PPFIBP2,8
MICALL2,PPFIBP2,6
NPHP3,PPFIBP2,8
FHOD3,PPFIBP2,8
LEFTY2,PPFIBP2,5
NCKAP5L,PPFIBP2,8
PRRT3,PPFIBP2,6
TOR2A,PPFIBP2,8
CASP5,PPFIBP2,8
DMXL2,PPFIBP2,3
LILRA1,PPFIBP2,5
NAT8B,PPFIBP2,8
UNC13C,PPFIBP2,3
ZP4,PPFIBP2,6
ABCB5,PPFIBP2,8
AMPD1,PPFIBP2,8
ATP6V0A4,PPFIBP2,8
CFHR5,PPFIBP2,6
LBP,PPFIBP2,5
OTOP1,PPFIBP2,8
PLB1,PPFIBP2,8
SLC28A1,PPFIBP2,7
SLC44A4,PPFIBP2,8
TNXB,PPFIBP2,5
VWA5B2,PPFIBP2,6
ZNF778,PPFIBP2,8
CDH23,PPFIBP2,3
CES5A,PPFIBP2,8
CHGB,PPFIBP2,5
MYH15,PPFIBP2,7
SELENOO,PPFIBP2,8
ZNF273,PPFIBP2,8
BAIAP3,PPFIBP2,3
FHAD1,PPFIBP2,8
HEATR1,PPFIBP2,8
OR10G9,PPFIBP2,8
DNAAF1,PPFIBP2,8
DNAH17,PPFIBP2,5
DNAH3,PPFIBP2,8
ZC3H3,PPFIBP2,8
ACOT2,PPFIBP2,8
FAAP100,PPFIBP2,8
FCGBP,PPFIBP2,8
RPTN,PPFIBP2,8
ALG14,PPFIBP2,8
ALG2,PPFIBP2,8
CHRNA1,PPFIBP2,7
CHRNB1,PPFIBP2,7
CHRNE,PPFIBP2,7
COL13A1,PPFIBP2,5
COLQ,PPFIBP2,7
DPAGT1,PPFIBP2,8
LRP4,PPFIBP2,5
RPH3A,PPFIBP2,4
SCN4A,PPFIBP2,6
SLC18A3,PPFIBP2,7
SLC25A1,PPFIBP2,8
SLC5A7,PPFIBP2,7
UNC13B,PPFIBP2,3
TPCN2,PPFIBP2,7
AKNAD1,PPFIBP2,5
CLCNKB,PPFIBP2,7
CASP12,PPFIBP2,8
DEFB115,PPFIBP2,7
ATAD3C,PPFIBP2,8
MICALL2,RPTN,8
NPHP3,RPTN,4
PRRT3,RPTN,8
TOR2A,RPTN,8
LILRA1,RPTN,8
NAT8B,RPTN,8
ZP4,RPTN,7
ABCB5,RPTN,8
ATP6V0A4,RPTN,8
CFHR5,RPTN,7
OTOP1,RPTN,8
PLB1,RPTN,8
SLC28A1,RPTN,8
SLC44A4,RPTN,8
VWA5B2,RPTN,8
ZNF778,RPTN,8
CDH23,RPTN,8
CES5A,RPTN,8
MYH15,RPTN,8
SELENOO,RPTN,8
ZNF273,RPTN,8
FHAD1,RPTN,8
OR10G9,RPTN,8
DNAH17,RPTN,8
DNAH3,RPTN,8
ACOT2,RPTN,8
FCGBP,RPTN,8
ALG14,RPTN,8
CHRNA1,RPTN,8
CHRNE,RPTN,8
COL13A1,RPTN,8
COLQ,RPTN,8
DPAGT1,RPTN,8
LRP4,RPTN,8
SCN4A,RPTN,8
SLC18A3,RPTN,8
SLC5A7,RPTN,8
TPCN2,RPTN,8
AKNAD1,RPTN,8
CLCNKB,RPTN,8
CASP12,RPTN,8
DEFB115,RPTN,8
ATAD3C,RPTN,8
KRT79,USP8,8
MICALL2,USP8,8
NPHP3,USP8,7
RP1,USP8,8
DNAH7,USP8,6
FHOD3,USP8,1
LEFTY2,USP8,8
NCKAP5L,USP8,6
PRRT3,USP8,8
TOR2A,USP8,7
CASP5,USP8,1
DMXL2,USP8,8
KIAA1109,USP8,5
LILRA1,USP8,8
LOXL3,USP8,8
LRP2,USP8,8
NAT8B,USP8,6
UNC13C,USP8,8
ZP4,USP8,8
ABCB5,USP8,5
AMPD1,USP8,7
ATP6V0A4,USP8,7
CFHR5,USP8,8
LBP,USP8,8
OTOP1,USP8,7
PLB1,USP8,7
RPL3L,USP8,7
SLC28A1,USP8,8
SLC44A4,USP8,7
SPTBN5,USP8,8
TNXB,USP8,8
VWA5B2,USP8,8
ZNF778,USP8,8
ANKRD12,USP8,5
CDH23,USP8,8
CES5A,USP8,7
CHGB,USP8,8
FGL1,USP8,7
MCM8,USP8,6
MYH15,USP8,8
SELENOO,USP8,6
ZNF273,USP8,8
BAIAP3,USP8,8
CFB,USP8,8
COL15A1,USP8,8
FHAD1,USP8,7
HEATR1,USP8,7
LAMA2,USP8,8
OR10G9,USP8,8
DNAAF1,USP8,6
DNAH17,USP8,8
DNAH3,USP8,7
NBEA,USP8,7
SIGLEC12,USP8,8
ZC3H3,USP8,7
ACOT2,USP8,7
CDH3,USP8,8
FAAP100,USP8,6
FCGBP,USP8,6
PPFIBP2,USP8,8
RPTN,USP8,8
ALG14,USP8,7
ALG2,USP8,7
CHAT,USP8,7
CHRNA1,USP8,8
CHRNB1,USP8,8
CHRNE,USP8,8
COL13A1,USP8,8
COLQ,USP8,8
DOK7,USP8,8
DPAGT1,USP8,7
GMPPB,USP8,7
LAMA5,USP8,8
LAMB2,USP8,8
LRP4,USP8,8
MYO9A,USP8,8
PLEC,USP8,8
PREPL,USP8,7
RAPSN,USP8,8
RPH3A,USP8,8
SCN4A,USP8,8
SLC18A3,USP8,7
SLC25A1,USP8,7
SLC5A7,USP8,8
SYT2,USP8,8
UNC13B,USP8,8
VAMP1,USP8,8
USH2A,USP8,8
TPCN2,USP8,8
AKNAD1,USP8,8
CLCNKB,USP8,8
CASP12,USP8,1
PSG5,USP8,8
DEFB115,USP8,8
ATAD3C,USP8,7
KRT79,AGRN,8
MICALL2,AGRN,6
NPHP3,AGRN,8
RP1,AGRN,6
DNAH7,AGRN,8
FHOD3,AGRN,8
HSPG2,AGRN,0
LEFTY2,AGRN,1
NCKAP5L,AGRN,8
NOTCH4,AGRN,4
PRRT3,AGRN,6
PTPN14,AGRN,6
SMTN,AGRN,7
TOR2A,AGRN,8
C1orf94,AGRN,8
CASP5,AGRN,8
DMXL2,AGRN,6
KIAA1109,AGRN,8
LILRA1,AGRN,4
LOXL3,AGRN,0
LRP2,AGRN,6
NAT8B,AGRN,8
UNC13C,AGRN,6
ZP4,AGRN,2
ABCB5,AGRN,8
AMPD1,AGRN,8
ATP6V0A4,AGRN,8
CFHR5,AGRN,5
LBP,AGRN,4
OTOP1,AGRN,8
PLB1,AGRN,8
RPL3L,AGRN,8
SLC28A1,AGRN,7
SLC44A4,AGRN,8
SPTBN5,AGRN,6
TNXB,AGRN,0
VWA5B2,AGRN,6
ZNF778,AGRN,8
ANKRD12,AGRN,8
CDH23,AGRN,4
CES5A,AGRN,8
CHGB,AGRN,0
FGL1,AGRN,3
MCM8,AGRN,8
MYBPC2,AGRN,4
MYH15,AGRN,7
SELENOO,AGRN,8
ZNF273,AGRN,8
BAIAP3,AGRN,6
C2CD3,AGRN,8
CFB,AGRN,4
COL15A1,AGRN,0
FHAD1,AGRN,8
HEATR1,AGRN,8
LAMA2,AGRN,0
OR10G9,AGRN,8
DNAAF1,AGRN,8
DNAH17,AGRN,5
DNAH3,AGRN,8
NBEA,AGRN,8
SIGLEC12,AGRN,4
TNC,AGRN,0
WDSUB1,AGRN,8
ZC3H3,AGRN,8
ACOT2,AGRN,8
CDH3,AGRN,4
FAAP100,AGRN,8
FCGBP,AGRN,8
PPFIBP2,AGRN,5
RPTN,AGRN,8
USP8,AGRN,8
ALG14,AGRN,8
ALG2,AGRN,8
CHAT,AGRN,8
CHRNA1,AGRN,7
CHRNB1,AGRN,7
CHRNE,AGRN,7
CHRNG,AGRN,7
COL13A1,AGRN,0
COLQ,AGRN,2
DOK7,AGRN,6
DPAGT1,AGRN,8
GFPT1,AGRN,8
GMPPB,AGRN,8
LAMA5,AGRN,0
LAMB2,AGRN,0
LRP4,AGRN,0
MYO9A,AGRN,6
PLEC,AGRN,0
PREPL,AGRN,8
RAPSN,AGRN,6
RPH3A,AGRN,6
SCN4A,AGRN,7
SLC18A3,AGRN,7
SLC25A1,AGRN,8
SLC5A7,AGRN,7
SYT2,AGRN,6
UNC13B,AGRN,6
VAMP1,AGRN,6
USH2A,AGRN,0
UBE2D1,AGRN,8
ATAD3B,AGRN,6
TPCN2,AGRN,7
AKNAD1,AGRN,7
CLCNKB,AGRN,7
CASP12,AGRN,8
PSG5,AGRN,1
DEFB115,AGRN,7
ATAD3C,AGRN,8
MICALL2,ALG14,8
PRRT3,ALG14,8
NAT8B,ALG14,7
ZP4,ALG14,8
ABCB5,ALG14,7
SLC44A4,ALG14,7
VWA5B2,ALG14,8
ZNF778,ALG14,8
CES5A,ALG14,7
ZNF273,ALG14,8
FHAD1,ALG14,5
DNAH17,ALG14,8
ACOT2,ALG14,7
COL13A1,ALG14,8
SLC18A3,ALG14,7
DEFB115,ALG14,8
KRT79,ALG2,8
MICALL2,ALG2,8
NPHP3,ALG2,7
NCKAP5L,ALG2,7
PRRT3,ALG2,8
TOR2A,ALG2,6
DMXL2,ALG2,8
LILRA1,ALG2,8
NAT8B,ALG2,7
UNC13C,ALG2,8
ZP4,ALG2,8
ABCB5,ALG2,7
AMPD1,ALG2,7
ATP6V0A4,ALG2,7
CFHR5,ALG2,8
LBP,ALG2,8
OTOP1,ALG2,7
PLB1,ALG2,7
SLC28A1,ALG2,8
SLC44A4,ALG2,7
VWA5B2,ALG2,8
ZNF778,ALG2,8
CDH23,ALG2,8
CES5A,ALG2,7
CHGB,ALG2,8
MYH15,ALG2,8
SELENOO,ALG2,6
ZNF273,ALG2,8
BAIAP3,ALG2,8
FHAD1,ALG2,4
OR10G9,ALG2,8
DNAAF1,ALG2,7
DNAH17,ALG2,8
DNAH3,ALG2,7
ZC3H3,ALG2,6
ACOT2,ALG2,7
FCGBP,ALG2,7
RPTN,ALG2,8
ALG14,ALG2,5
CHRNA1,ALG2,8
CHRNB1,ALG2,8
CHRNE,ALG2,8
COL13A1,ALG2,8
COLQ,ALG2,8
DPAGT1,ALG2,5
LRP4,ALG2,8
RPH3A,ALG2,8
SCN4A,ALG2,8
SLC18A3,ALG2,7
SLC25A1,ALG2,6
SLC5A7,ALG2,8
UNC13B,ALG2,8
TPCN2,ALG2,8
AKNAD1,ALG2,8
CLCNKB,ALG2,8
CASP12,ALG2,7
DEFB115,ALG2,8
ATAD3C,ALG2,5
KRT79,CHAT,8
MICALL2,CHAT,8
NPHP3,CHAT,7
RP1,CHAT,8
DNAH7,CHAT,7
FHOD3,CHAT,7
LEFTY2,CHAT,8
NCKAP5L,CHAT,7
PRRT3,CHAT,8
TOR2A,CHAT,7
CASP5,CHAT,7
DMXL2,CHAT,8
KIAA1109,CHAT,7
LILRA1,CHAT,8
LOXL3,CHAT,8
LRP2,CHAT,8
NAT8B,CHAT,7
UNC13C,CHAT,8
ZP4,CHAT,8
ABCB5,CHAT,7
AMPD1,CHAT,7
ATP6V0A4,CHAT,7
CFHR5,CHAT,8
LBP,CHAT,8
OTOP1,CHAT,7
PLB1,CHAT,7
SLC28A1,CHAT,8
SLC44A4,CHAT,7
TNXB,CHAT,8
VWA5B2,CHAT,8
ZNF778,CHAT,8
CDH23,CHAT,8
CES5A,CHAT,7
CHGB,CHAT,8
FGL1,CHAT,6
MCM8,CHAT,7
MYH15,CHAT,8
SELENOO,CHAT,6
ZNF273,CHAT,8
BAIAP3,CHAT,8
CFB,CHAT,8
COL15A1,CHAT,8
FHAD1,CHAT,6
HEATR1,CHAT,6
OR10G9,CHAT,8
DNAAF1,CHAT,7
DNAH17,CHAT,8
DNAH3,CHAT,7
NBEA,CHAT,7
SIGLEC12,CHAT,8
ZC3H3,CHAT,6
ACOT2,CHAT,7
CDH3,CHAT,8
FAAP100,CHAT,7
FCGBP,CHAT,7
PPFIBP2,CHAT,8
RPTN,CHAT,8
ALG14,CHAT,6
ALG2,CHAT,6
CHRNA1,CHAT,8
CHRNB1,CHAT,8
CHRNE,CHAT,8
COL13A1,CHAT,8
COLQ,CHAT,8
DOK7,CHAT,8
DPAGT1,CHAT,6
GMPPB,CHAT,6
LAMA5,CHAT,8
LAMB2,CHAT,8
LRP4,CHAT,8
MYO9A,CHAT,8
PLEC,CHAT,8
RAPSN,CHAT,8
RPH3A,CHAT,8
SCN4A,CHAT,8
SLC18A3,CHAT,7
SLC25A1,CHAT,6
SLC5A7,CHAT,8
SYT2,CHAT,8
UNC13B,CHAT,8
TPCN2,CHAT,8
AKNAD1,CHAT,8
CLCNKB,CHAT,8
CASP12,CHAT,7
DEFB115,CHAT,8
ATAD3C,CHAT,6
MICALL2,CHRNA1,7
NPHP3,CHRNA1,8
PRRT3,CHRNA1,7
LILRA1,CHRNA1,7
NAT8B,CHRNA1,8
ZP4,CHRNA1,7
ABCB5,CHRNA1,8
ATP6V0A4,CHRNA1,8
OTOP1,CHRNA1,8
PLB1,CHRNA1,8
SLC44A4,CHRNA1,8
VWA5B2,CHRNA1,7
ZNF778,CHRNA1,8
CDH23,CHRNA1,7
CES5A,CHRNA1,8
ZNF273,CHRNA1,8
FHAD1,CHRNA1,8
OR10G9,CHRNA1,8
DNAH17,CHRNA1,7
DNAH3,CHRNA1,8
ACOT2,CHRNA1,8
ALG14,CHRNA1,4
CHRNE,CHRNA1,0
COL13A1,CHRNA1,7
COLQ,CHRNA1,6
DPAGT1,CHRNA1,4
LRP4,CHRNA1,7
SCN4A,CHRNA1,6
SLC18A3,CHRNA1,8
SLC5A7,CHRNA1,6
TPCN2,CHRNA1,6
AKNAD1,CHRNA1,7
CASP12,CHRNA1,8
DEFB115,CHRNA1,7
ATAD3C,CHRNA1,8
KRT79,CHRNB1,8
MICALL2,CHRNB1,7
NPHP3,CHRNB1,8
NCKAP5L,CHRNB1,8
PRRT3,CHRNB1,7
TOR2A,CHRNB1,8
DMXL2,CHRNB1,7
LILRA1,CHRNB1,7
NAT8B,CHRNB1,8
UNC13C,CHRNB1,7
ZP4,CHRNB1,7
ABCB5,CHRNB1,8
AMPD1,CHRNB1,8
ATP6V0A4,CHRNB1,8
CFHR5,CHRNB1,7
LBP,CHRNB1,7
OTOP1,CHRNB1,8
PLB1,CHRNB1,8
SLC28A1,CHRNB1,6
SLC44A4,CHRNB1,8
VWA5B2,CHRNB1,7
ZNF778,CHRNB1,8
CDH23,CHRNB1,7
CES5A,CHRNB1,8
CHGB,CHRNB1,7
MYH15,CHRNB1,6
SELENOO,CHRNB1,8
ZNF273,CHRNB1,8
BAIAP3,CHRNB1,7
FHAD1,CHRNB1,8
OR10G9,CHRNB1,8
DNAAF1,CHRNB1,8
DNAH17,CHRNB1,7
DNAH3,CHRNB1,8
ZC3H3,CHRNB1,8
ACOT2,CHRNB1,8
FCGBP,CHRNB1,8
RPTN,CHRNB1,8
ALG14,CHRNB1,4
CHRNA1,CHRNB1,0
CHRNE,CHRNB1,0
COL13A1,CHRNB1,7
COLQ,CHRNB1,6
DPAGT1,CHRNB1,4
LRP4,CHRNB1,7
RPH3A,CHRNB1,7
SCN4A,CHRNB1,6
SLC18A3,CHRNB1,8
SLC25A1,CHRNB1,8
SLC5A7,CHRNB1,6
UNC13B,CHRNB1,7
TPCN2,CHRNB1,6
AKNAD1,CHRNB1,7
CLCNKB,CHRNB1,6
CASP12,CHRNB1,8
DEFB115,CHRNB1,7
ATAD3C,CHRNB1,8
MICALL2,CHRNE,7
NPHP3,CHRNE,8
PRRT3,CHRNE,7
NAT8B,CHRNE,8
ZP4,CHRNE,7
ABCB5,CHRNE,8
OTOP1,CHRNE,8
PLB1,CHRNE,8
SLC44A4,CHRNE,8
VWA5B2,CHRNE,7
ZNF778,CHRNE,8
CDH23,CHRNE,7
CES5A,CHRNE,8
ZNF273,CHRNE,8
FHAD1,CHRNE,8
DNAH17,CHRNE,7
DNAH3,CHRNE,8
ACOT2,CHRNE,8
ALG14,CHRNE,4
COL13A1,CHRNE,7
COLQ,CHRNE,6
LRP4,CHRNE,7
SCN4A,CHRNE,6
SLC18A3,CHRNE,8
SLC5A7,CHRNE,6
TPCN2,CHRNE,6
AKNAD1,CHRNE,7
CASP12,CHRNE,8
DEFB115,CHRNE,7
ATAD3C,CHRNE,8
KRT79,CHRNG,8
MICALL2,CHRNG,7
NPHP3,CHRNG,8
RP1,CHRNG,7
DNAH7,CHRNG,8
FHOD3,CHRNG,8
LEFTY2,CHRNG,7
NCKAP5L,CHRNG,8
PRRT3,CHRNG,7
PTPN14,CHRNG,7
TOR2A,CHRNG,8
CASP5,CHRNG,8
DMXL2,CHRNG,7
KIAA1109,CHRNG,8
LILRA1,CHRNG,7
LOXL3,CHRNG,7
LRP2,CHRNG,7
NAT8B,CHRNG,8
UNC13C,CHRNG,7
ZP4,CHRNG,7
ABCB5,CHRNG,8
AMPD1,CHRNG,8
ATP6V0A4,CHRNG,8
CFHR5,CHRNG,7
LBP,CHRNG,7
OTOP1,CHRNG,8
PLB1,CHRNG,8
RPL3L,CHRNG,8
SLC28A1,CHRNG,6
SLC44A4,CHRNG,8
SPTBN5,CHRNG,7
TNXB,CHRNG,7
VWA5B2,CHRNG,7
ZNF778,CHRNG,8
ANKRD12,CHRNG,8
CDH23,CHRNG,7
CES5A,CHRNG,8
CHGB,CHRNG,7
FGL1,CHRNG,8
MCM8,CHRNG,8
MYH15,CHRNG,6
SELENOO,CHRNG,8
ZNF273,CHRNG,8
BAIAP3,CHRNG,7
CFB,CHRNG,7
COL15A1,CHRNG,7
FHAD1,CHRNG,8
HEATR1,CHRNG,8
LAMA2,CHRNG,7
OR10G9,CHRNG,8
DNAAF1,CHRNG,8
DNAH17,CHRNG,7
DNAH3,CHRNG,8
NBEA,CHRNG,7
SIGLEC12,CHRNG,7
WDSUB1,CHRNG,8
ZC3H3,CHRNG,8
ACOT2,CHRNG,8
CDH3,CHRNG,7
FAAP100,CHRNG,8
FCGBP,CHRNG,8
PPFIBP2,CHRNG,7
RPTN,CHRNG,8
USP8,CHRNG,8
ALG14,CHRNG,4
ALG2,CHRNG,8
CHAT,CHRNG,8
CHRNA1,CHRNG,0
CHRNB1,CHRNG,0
CHRNE,CHRNG,0
COL13A1,CHRNG,7
COLQ,CHRNG,6
DOK7,CHRNG,7
DPAGT1,CHRNG,4
GFPT1,CHRNG,8
GMPPB,CHRNG,8
LAMA5,CHRNG,7
LAMB2,CHRNG,7
LRP4,CHRNG,7
MYO9A,CHRNG,7
PLEC,CHRNG,7
PREPL,CHRNG,7
RAPSN,CHRNG,6
RPH3A,CHRNG,7
SCN4A,CHRNG,6
SLC18A3,CHRNG,8
SLC25A1,CHRNG,8
SLC5A7,CHRNG,6
SYT2,CHRNG,7
UNC13B,CHRNG,7
VAMP1,CHRNG,7
USH2A,CHRNG,7
ATAD3B,CHRNG,7
TPCN2,CHRNG,6
AKNAD1,CHRNG,7
CLCNKB,CHRNG,6
CASP12,CHRNG,8
PSG5,CHRNG,7
DEFB115,CHRNG,7
ATAD3C,CHRNG,8
MICALL2,COL13A1,6
PRRT3,COL13A1,6
NAT8B,COL13A1,8
ZP4,COL13A1,2
ABCB5,COL13A1,8
SLC44A4,COL13A1,8
VWA5B2,COL13A1,6
ZNF778,COL13A1,8
CES5A,COL13A1,8
ZNF273,COL13A1,8
FHAD1,COL13A1,8
DNAH17,COL13A1,5
ACOT2,COL13A1,8
SLC18A3,COL13A1,7
DEFB115,COL13A1,7
MICALL2,COLQ,7
PRRT3,COLQ,7
NAT8B,COLQ,8
ZP4,COLQ,3
ABCB5,COLQ,8
OTOP1,COLQ,8
SLC44A4,COLQ,7
VWA5B2,COLQ,7
ZNF778,COLQ,8
CDH23,COLQ,6
CES5A,COLQ,7
ZNF273,COLQ,8
FHAD1,COLQ,8
DNAH17,COLQ,7
DNAH3,COLQ,8
ACOT2,COLQ,7
ALG14,COLQ,8
COL13A1,COLQ,2
LRP4,COLQ,2
SLC18A3,COLQ,8
SLC5A7,COLQ,7
AKNAD1,COLQ,7
DEFB115,COLQ,7
KRT79,DOK7,8
MICALL2,DOK7,5
NPHP3,DOK7,8
FHOD3,DOK7,8
LEFTY2,DOK7,6
NCKAP5L,DOK7,8
PRRT3,DOK7,6
TOR2A,DOK7,7
CASP5,DOK7,8
DMXL2,DOK7,1
LILRA1,DOK7,6
NAT8B,DOK7,8
UNC13C,DOK7,1
ZP4,DOK7,6
ABCB5,DOK7,8
AMPD1,DOK7,8
ATP6V0A4,DOK7,8
CFHR5,DOK7,7
LBP,DOK7,6
OTOP1,DOK7,8
PLB1,DOK7,8
SLC28A1,DOK7,7
SLC44A4,DOK7,8
TNXB,DOK7,6
VWA5B2,DOK7,4
ZNF778,DOK7,8
CDH23,DOK7,6
CES5A,DOK7,8
CHGB,DOK7,6
MYH15,DOK7,7
SELENOO,DOK7,8
ZNF273,DOK7,8
BAIAP3,DOK7,1
FHAD1,DOK7,8
HEATR1,DOK7,8
OR10G9,DOK7,8
DNAAF1,DOK7,8
DNAH17,DOK7,6
DNAH3,DOK7,8
ZC3H3,DOK7,8
ACOT2,DOK7,8
FAAP100,DOK7,8
FCGBP,DOK7,8
PPFIBP2,DOK7,4
RPTN,DOK7,8
ALG14,DOK7,8
ALG2,DOK7,8
CHRNA1,DOK7,7
CHRNB1,DOK7,7
CHRNE,DOK7,7
COL13A1,DOK7,6
COLQ,DOK7,7
DPAGT1,DOK7,8
LRP4,DOK7,6
RPH3A,DOK7,1
SCN4A,DOK7,5
SLC18A3,DOK7,5
SLC25A1,DOK7,8
SLC5A7,DOK7,7
UNC13B,DOK7,1
TPCN2,DOK7,7
AKNAD1,DOK7,3
CLCNKB,DOK7,7
CASP12,DOK7,8
DEFB115,DOK7,7
ATAD3C,DOK7,8
MICALL2,DPAGT1,8
NPHP3,DPAGT1,7
PRRT3,DPAGT1,8
NAT8B,DPAGT1,7
ZP4,DPAGT1,8
ABCB5,DPAGT1,7
OTOP1,DPAGT1,7
PLB1,DPAGT1,7
SLC44A4,DPAGT1,7
VWA5B2,DPAGT1,8
ZNF778,DPAGT1,8
CDH23,DPAGT1,8
CES5A,DPAGT1,7
ZNF273,DPAGT1,8
FHAD1,DPAGT1,5
DNAH17,DPAGT1,8
DNAH3,DPAGT1,7
ACOT2,DPAGT1,7
ALG14,DPAGT1,0
CHRNE,DPAGT1,4
COL13A1,DPAGT1,8
COLQ,DPAGT1,8
LRP4,DPAGT1,8
SCN4A,DPAGT1,8
SLC18A3,DPAGT1,7
SLC5A7,DPAGT1,8
TPCN2,DPAGT1,8
AKNAD1,DPAGT1,8
CASP12,DPAGT1,7
DEFB115,DPAGT1,8
ATAD3C,DPAGT1,5
KRT79,GFPT1,8
MICALL2,GFPT1,8
NPHP3,GFPT1,7
RP1,GFPT1,8
DNAH7,GFPT1,7
FHOD3,GFPT1,7
LEFTY2,GFPT1,8
NCKAP5L,GFPT1,7
PRRT3,GFPT1,7
TOR2A,GFPT1,7
CASP5,GFPT1,7
DMXL2,GFPT1,8
KIAA1109,GFPT1,7
LILRA1,GFPT1,8
LOXL3,GFPT1,8
LRP2,GFPT1,8
NAT8B,GFPT1,7
UNC13C,GFPT1,8
ZP4,GFPT1,8
ABCB5,GFPT1,7
AMPD1,GFPT1,7
ATP6V0A4,GFPT1,7
CFHR5,GFPT1,8
LBP,GFPT1,8
OTOP1,GFPT1,7
PLB1,GFPT1,7
RPL3L,GFPT1,5
SLC28A1,GFPT1,7
SLC44A4,GFPT1,7
SPTBN5,GFPT1,8
TNXB,GFPT1,8
VWA5B2,GFPT1,8
ZNF778,GFPT1,8
ANKRD12,GFPT1,7
CDH23,GFPT1,8
CES5A,GFPT1,7
CHGB,GFPT1,8
FGL1,GFPT1,6
MCM8,GFPT1,7
MYH15,GFPT1,8
SELENOO,GFPT1,6
ZNF273,GFPT1,8
BAIAP3,GFPT1,8
CFB,GFPT1,8
COL15A1,GFPT1,8
FHAD1,GFPT1,6
HEATR1,GFPT1,5
LAMA2,GFPT1,8
OR10G9,GFPT1,8
DNAAF1,GFPT1,7
DNAH17,GFPT1,8
DNAH3,GFPT1,7
NBEA,GFPT1,7
SIGLEC12,GFPT1,8
WDSUB1,GFPT1,7
ZC3H3,GFPT1,5
ACOT2,GFPT1,7
CDH3,GFPT1,8
FAAP100,GFPT1,7
FCGBP,GFPT1,7
PPFIBP2,GFPT1,8
RPTN,GFPT1,8
USP8,GFPT1,7
ALG14,GFPT1,6
ALG2,GFPT1,6
CHAT,GFPT1,6
CHRNA1,GFPT1,8
CHRNB1,GFPT1,8
CHRNE,GFPT1,8
COL13A1,GFPT1,8
COLQ,GFPT1,8
DOK7,GFPT1,8
DPAGT1,GFPT1,6
GMPPB,GFPT1,6
LAMA5,GFPT1,8
LAMB2,GFPT1,8
LRP4,GFPT1,8
MYO9A,GFPT1,8
PLEC,GFPT1,8
PREPL,GFPT1,7
RAPSN,GFPT1,8
RPH3A,GFPT1,8
SCN4A,GFPT1,8
SLC18A3,GFPT1,7
SLC25A1,GFPT1,5
SLC5A7,GFPT1,7
SYT2,GFPT1,8
UNC13B,GFPT1,8
VAMP1,GFPT1,8
USH2A,GFPT1,8
ATAD3B,GFPT1,8
TPCN2,GFPT1,8
AKNAD1,GFPT1,8
CLCNKB,GFPT1,8
CASP12,GFPT1,7
PSG5,GFPT1,8
DEFB115,GFPT1,8
ATAD3C,GFPT1,6
KRT79,GMPPB,8
MICALL2,GMPPB,8
NPHP3,GMPPB,7
DNAH7,GMPPB,7
FHOD3,GMPPB,7
LEFTY2,GMPPB,8
NCKAP5L,GMPPB,7
PRRT3,GMPPB,8
TOR2A,GMPPB,7
CASP5,GMPPB,7
DMXL2,GMPPB,8
KIAA1109,GMPPB,7
LILRA1,GMPPB,8
NAT8B,GMPPB,7
UNC13C,GMPPB,8
ZP4,GMPPB,8
ABCB5,GMPPB,7
AMPD1,GMPPB,7
ATP6V0A4,GMPPB,7
CFHR5,GMPPB,8
LBP,GMPPB,8
OTOP1,GMPPB,7
PLB1,GMPPB,7
SLC28A1,GMPPB,8
SLC44A4,GMPPB,7
TNXB,GMPPB,8
VWA5B2,GMPPB,8
ZNF778,GMPPB,8
CDH23,GMPPB,8
CES5A,GMPPB,7
CHGB,GMPPB,8
FGL1,GMPPB,6
MCM8,GMPPB,7
MYH15,GMPPB,8
SELENOO,GMPPB,6
ZNF273,GMPPB,8
BAIAP3,GMPPB,8
FHAD1,GMPPB,6
HEATR1,GMPPB,6
OR10G9,GMPPB,8
DNAAF1,GMPPB,7
DNAH17,GMPPB,8
DNAH3,GMPPB,7
ZC3H3,GMPPB,6
ACOT2,GMPPB,7
CDH3,GMPPB,8
FAAP100,GMPPB,7
FCGBP,GMPPB,7
PPFIBP2,GMPPB,8
RPTN,GMPPB,8
ALG14,GMPPB,6
ALG2,GMPPB,6
CHRNA1,GMPPB,8
CHRNB1,GMPPB,8
CHRNE,GMPPB,8
COL13A1,GMPPB,8
COLQ,GMPPB,8
DOK7,GMPPB,8
DPAGT1,GMPPB,6
LAMB2,GMPPB,8
LRP4,GMPPB,8
MYO9A,GMPPB,8
RPH3A,GMPPB,8
SCN4A,GMPPB,8
SLC18A3,GMPPB,7
SLC25A1,GMPPB,6
SLC5A7,GMPPB,8
UNC13B,GMPPB,8
TPCN2,GMPPB,8
AKNAD1,GMPPB,8
CLCNKB,GMPPB,8
CASP12,GMPPB,7
DEFB115,GMPPB,8
ATAD3C,GMPPB,6
KRT79,LAMA5,8
MICALL2,LAMA5,6
NPHP3,LAMA5,8
RP1,LAMA5,6
DNAH7,LAMA5,8
FHOD3,LAMA5,8
LEFTY2,LAMA5,1
NCKAP5L,LAMA5,8
PRRT3,LAMA5,6
TOR2A,LAMA5,8
CASP5,LAMA5,8
DMXL2,LAMA5,6
KIAA1109,LAMA5,8
LILRA1,LAMA5,4
LOXL3,LAMA5,0
LRP2,LAMA5,6
NAT8B,LAMA5,8
UNC13C,LAMA5,6
ZP4,LAMA5,2
ABCB5,LAMA5,8
AMPD1,LAMA5,8
ATP6V0A4,LAMA5,8
CFHR5,LAMA5,5
LBP,LAMA5,4
OTOP1,LAMA5,8
PLB1,LAMA5,8
SLC28A1,LAMA5,7
SLC44A4,LAMA5,8
TNXB,LAMA5,0
VWA5B2,LAMA5,6
ZNF778,LAMA5,8
CDH23,LAMA5,4
CES5A,LAMA5,8
CHGB,LAMA5,0
FGL1,LAMA5,3
MCM8,LAMA5,8
MYH15,LAMA5,7
SELENOO,LAMA5,8
ZNF273,LAMA5,8
BAIAP3,LAMA5,6
FHAD1,LAMA5,8
HEATR1,LAMA5,8
OR10G9,LAMA5,8
DNAAF1,LAMA5,8
DNAH17,LAMA5,5
DNAH3,LAMA5,8
NBEA,LAMA5,8
SIGLEC12,LAMA5,4
ZC3H3,LAMA5,8
ACOT2,LAMA5,8
CDH3,LAMA5,4
FAAP100,LAMA5,8
FCGBP,LAMA5,8
PPFIBP2,LAMA5,5
RPTN,LAMA5,8
ALG14,LAMA5,8
ALG2,LAMA5,8
CHRNA1,LAMA5,7
CHRNB1,LAMA5,7
CHRNE,LAMA5,7
COL13A1,LAMA5,0
COLQ,LAMA5,2
DOK7,LAMA5,6
DPAGT1,LAMA5,8
GMPPB,LAMA5,8
LAMB2,LAMA5,0
LRP4,LAMA5,0
MYO9A,LAMA5,6
RAPSN,LAMA5,6
RPH3A,LAMA5,6
SCN4A,LAMA5,7
SLC18A3,LAMA5,7
SLC25A1,LAMA5,8
SLC5A7,LAMA5,7
SYT2,LAMA5,6
UNC13B,LAMA5,6
TPCN2,LAMA5,7
AKNAD1,LAMA5,7
CLCNKB,LAMA5,7
CASP12,LAMA5,8
DEFB115,LAMA5,7
ATAD3C,LAMA5,8
KRT79,LAMB2,8
MICALL2,LAMB2,6
NPHP3,LAMB2,8
FHOD3,LAMB2,8
LEFTY2,LAMB2,1
NCKAP5L,LAMB2,8
PRRT3,LAMB2,6
TOR2A,LAMB2,8
CASP5,LAMB2,8
DMXL2,LAMB2,6
KIAA1109,LAMB2,8
LILRA1,LAMB2,4
NAT8B,LAMB2,8
UNC13C,LAMB2,6
ZP4,LAMB2,2
ABCB5,LAMB2,8
AMPD1,LAMB2,8
ATP6V0A4,LAMB2,8
CFHR5,LAMB2,5
LBP,LAMB2,4
OTOP1,LAMB2,8
PLB1,LAMB2,8
SLC28A1,LAMB2,7
SLC44A4,LAMB2,8
TNXB,LAMB2,0
VWA5B2,LAMB2,6
ZNF778,LAMB2,8
CDH23,LAMB2,4
CES5A,LAMB2,8
CHGB,LAMB2,0
MYH15,LAMB2,7
SELENOO,LAMB2,8
ZNF273,LAMB2,8
BAIAP3,LAMB2,6
FHAD1,LAMB2,8
HEATR1,LAMB2,8
OR10G9,LAMB2,8
DNAAF1,LAMB2,8
DNAH17,LAMB2,5
DNAH3,LAMB2,8
ZC3H3,LAMB2,8
ACOT2,LAMB2,8
CDH3,LAMB2,4
FAAP100,LAMB2,8
FCGBP,LAMB2,8
PPFIBP2,LAMB2,5
RPTN,LAMB2,8
ALG14,LAMB2,8
ALG2,LAMB2,8
CHRNA1,LAMB2,7
CHRNB1,LAMB2,7
CHRNE,LAMB2,7
COL13A1,LAMB2,0
COLQ,LAMB2,2
DOK7,LAMB2,6
DPAGT1,LAMB2,8
LRP4,LAMB2,0
MYO9A,LAMB2,6
RPH3A,LAMB2,6
SCN4A,LAMB2,7
SLC18A3,LAMB2,7
SLC25A1,LAMB2,8
SLC5A7,LAMB2,7
UNC13B,LAMB2,6
TPCN2,LAMB2,7
AKNAD1,LAMB2,7
CLCNKB,LAMB2,7
CASP12,LAMB2,8
DEFB115,LAMB2,7
ATAD3C,LAMB2,8
MICALL2,LRP4,6
PRRT3,LRP4,6
NAT8B,LRP4,8
ZP4,LRP4,2
ABCB5,LRP4,8
SLC44A4,LRP4,8
VWA5B2,LRP4,6
ZNF778,LRP4,8
CES5A,LRP4,8
ZNF273,LRP4,8
FHAD1,LRP4,8
DNAH17,LRP4,5
ACOT2,LRP4,8
ALG14,LRP4,8
COL13A1,LRP4,0
SLC18A3,LRP4,7
DEFB115,LRP4,7
AGRN,MUSK,2
KRT79,MUSK,8
MICALL2,MUSK,6
NPHP3,MUSK,8
RP1,MUSK,6
DNAH7,MUSK,8
FHOD3,MUSK,8
HSPG2,MUSK,2
LEFTY2,MUSK,3
NCKAP5L,MUSK,8
NOTCH4,MUSK,5
PRRT3,MUSK,6
PTPN14,MUSK,6
SMTN,MUSK,7
TOR2A,MUSK,8
C1orf94,MUSK,8
CASP5,MUSK,8
DMXL2,MUSK,6
KIAA1109,MUSK,8
LILRA1,MUSK,5
LOXL3,MUSK,2
LRP2,MUSK,5
NAT8B,MUSK,8
UNC13C,MUSK,6
ZP4,MUSK,4
ABCB5,MUSK,8
AMPD1,MUSK,8
ATP6V0A4,MUSK,8
CFHR5,MUSK,6
LBP,MUSK,5
OTOP1,MUSK,8
PLB1,MUSK,8
RPL3L,MUSK,8
SLC28A1,MUSK,7
SLC44A4,MUSK,8
SPTBN5,MUSK,4
TNXB,MUSK,2
VWA5B2,MUSK,5
ZNF778,MUSK,8
ANKRD12,MUSK,8
CDH23,MUSK,5
CES5A,MUSK,8
CHGB,MUSK,2
FGL1,MUSK,5
MCM8,MUSK,8
MYBPC2,MUSK,5
MYH15,MUSK,7
SELENOO,MUSK,8
ZNF273,MUSK,8
BAIAP3,MUSK,6
C2CD3,MUSK,8
CFB,MUSK,5
COL15A1,MUSK,2
FHAD1,MUSK,8
HEATR1,MUSK,8
LAMA2,MUSK,2
OR10G9,MUSK,8
DNAAF1,MUSK,8
DNAH17,MUSK,3
DNAH3,MUSK,8
NBEA,MUSK,8
SIGLEC12,MUSK,5
TNC,MUSK,2
WDSUB1,MUSK,8
ZC3H3,MUSK,8
ACOT2,MUSK,8
CDH3,MUSK,5
FAAP100,MUSK,8
FCGBP,MUSK,8
PPFIBP2,MUSK,5
RPTN,MUSK,8
USP8,MUSK,8
AGRN,MUSK,2
ALG14,MUSK,8
ALG2,MUSK,8
CHAT,MUSK,8
CHRNA1,MUSK,7
CHRNB1,MUSK,7
CHRNE,MUSK,7
CHRNG,MUSK,7
COL13A1,MUSK,2
COLQ,MUSK,4
DOK7,MUSK,6
DPAGT1,MUSK,8
GFPT1,MUSK,8
GMPPB,MUSK,8
LAMA5,MUSK,2
LAMB2,MUSK,2
LRP4,MUSK,2
MYO9A,MUSK,6
PLEC,MUSK,2
PREPL,MUSK,8
RAPSN,MUSK,6
RPH3A,MUSK,6
SCN4A,MUSK,7
SLC18A3,MUSK,6
SLC25A1,MUSK,8
SLC5A7,MUSK,7
SYT2,MUSK,5
UNC13B,MUSK,6
VAMP1,MUSK,6
USH2A,MUSK,2
UBE2D1,MUSK,8
ATAD3B,MUSK,6
TPCN2,MUSK,7
AKNAD1,MUSK,7
CLCNKB,MUSK,7
CASP12,MUSK,8
PSG5,MUSK,2
DEFB115,MUSK,7
ATAD3C,MUSK,8
KRT79,MYO9A,8
MICALL2,MYO9A,1
NPHP3,MYO9A,8
FHOD3,MYO9A,8
LEFTY2,MYO9A,6
NCKAP5L,MYO9A,8
PRRT3,MYO9A,6
TOR2A,MYO9A,8
CASP5,MYO9A,8
DMXL2,MYO9A,5
KIAA1109,MYO9A,8
LILRA1,MYO9A,6
NAT8B,MYO9A,8
UNC13C,MYO9A,5
ZP4,MYO9A,6
ABCB5,MYO9A,8
AMPD1,MYO9A,8
ATP6V0A4,MYO9A,8
CFHR5,MYO9A,7
LBP,MYO9A,6
OTOP1,MYO9A,8
PLB1,MYO9A,8
SLC28A1,MYO9A,7
SLC44A4,MYO9A,8
TNXB,MYO9A,6
VWA5B2,MYO9A,5
ZNF778,MYO9A,8
CDH23,MYO9A,6
CES5A,MYO9A,8
CHGB,MYO9A,6
MYH15,MYO9A,7
SELENOO,MYO9A,8
ZNF273,MYO9A,8
BAIAP3,MYO9A,5
FHAD1,MYO9A,8
HEATR1,MYO9A,8
OR10G9,MYO9A,8
DNAAF1,MYO9A,8
DNAH17,MYO9A,6
DNAH3,MYO9A,8
ZC3H3,MYO9A,8
ACOT2,MYO9A,8
FAAP100,MYO9A,8
FCGBP,MYO9A,8
PPFIBP2,MYO9A,6
RPTN,MYO9A,8
ALG14,MYO9A,8
ALG2,MYO9A,8
CHRNA1,MYO9A,7
CHRNB1,MYO9A,7
CHRNE,MYO9A,7
COL13A1,MYO9A,6
COLQ,MYO9A,7
DOK7,MYO9A,5
DPAGT1,MYO9A,8
LRP4,MYO9A,6
RPH3A,MYO9A,4
SCN4A,MYO9A,7
SLC18A3,MYO9A,6
SLC25A1,MYO9A,8
SLC5A7,MYO9A,7
UNC13B,MYO9A,5
TPCN2,MYO9A,7
AKNAD1,MYO9A,6
CLCNKB,MYO9A,7
CASP12,MYO9A,8
DEFB115,MYO9A,7
ATAD3C,MYO9A,8
KRT79,PLEC,8
MICALL2,PLEC,6
NPHP3,PLEC,8
RP1,PLEC,6
DNAH7,PLEC,8
FHOD3,PLEC,8
LEFTY2,PLEC,1
NCKAP5L,PLEC,8
PRRT3,PLEC,6
TOR2A,PLEC,8
CASP5,PLEC,8
DMXL2,PLEC,6
KIAA1109,PLEC,8
LILRA1,PLEC,4
LOXL3,PLEC,0
LRP2,PLEC,6
NAT8B,PLEC,8
UNC13C,PLEC,6
ZP4,PLEC,2
ABCB5,PLEC,8
AMPD1,PLEC,8
ATP6V0A4,PLEC,8
CFHR5,PLEC,5
LBP,PLEC,4
OTOP1,PLEC,8
PLB1,PLEC,8
SLC28A1,PLEC,7
SLC44A4,PLEC,8
TNXB,PLEC,0
VWA5B2,PLEC,6
ZNF778,PLEC,8
CDH23,PLEC,4
CES5A,PLEC,8
CHGB,PLEC,0
FGL1,PLEC,3
MCM8,PLEC,8
MYH15,PLEC,7
SELENOO,PLEC,8
ZNF273,PLEC,8
BAIAP3,PLEC,6
COL15A1,PLEC,0
FHAD1,PLEC,8
HEATR1,PLEC,8
OR10G9,PLEC,8
DNAAF1,PLEC,8
DNAH17,PLEC,5
DNAH3,PLEC,8
NBEA,PLEC,8
SIGLEC12,PLEC,4
ZC3H3,PLEC,8
ACOT2,PLEC,8
CDH3,PLEC,4
FAAP100,PLEC,8
FCGBP,PLEC,8
PPFIBP2,PLEC,5
RPTN,PLEC,8
ALG14,PLEC,8
ALG2,PLEC,8
CHRNA1,PLEC,7
CHRNB1,PLEC,7
CHRNE,PLEC,7
COL13A1,PLEC,0
COLQ,PLEC,2
DOK7,PLEC,6
DPAGT1,PLEC,8
GMPPB,PLEC,8
LAMA5,PLEC,0
LAMB2,PLEC,0
LRP4,PLEC,0
MYO9A,PLEC,6
RAPSN,PLEC,6
RPH3A,PLEC,6
SCN4A,PLEC,7
SLC18A3,PLEC,7
SLC25A1,PLEC,8
SLC5A7,PLEC,7
SYT2,PLEC,6
UNC13B,PLEC,6
TPCN2,PLEC,7
AKNAD1,PLEC,7
CLCNKB,PLEC,7
CASP12,PLEC,8
DEFB115,PLEC,7
ATAD3C,PLEC,8
KRT79,PREPL,8
MICALL2,PREPL,8
NPHP3,PREPL,7
RP1,PREPL,8
DNAH7,PREPL,7
FHOD3,PREPL,7
LEFTY2,PREPL,8
NCKAP5L,PREPL,7
PRRT3,PREPL,8
TOR2A,PREPL,7
CASP5,PREPL,7
DMXL2,PREPL,6
KIAA1109,PREPL,5
LILRA1,PREPL,8
LOXL3,PREPL,8
LRP2,PREPL,8
NAT8B,PREPL,7
UNC13C,PREPL,6
ZP4,PREPL,8
ABCB5,PREPL,7
AMPD1,PREPL,6
ATP6V0A4,PREPL,6
CFHR5,PREPL,8
LBP,PREPL,8
OTOP1,PREPL,7
PLB1,PREPL,6
RPL3L,PREPL,7
SLC28A1,PREPL,8
SLC44A4,PREPL,6
SPTBN5,PREPL,8
TNXB,PREPL,8
VWA5B2,PREPL,8
ZNF778,PREPL,8
ANKRD12,PREPL,7
CDH23,PREPL,8
CES5A,PREPL,6
CHGB,PREPL,8
FGL1,PREPL,7
MCM8,PREPL,7
MYH15,PREPL,8
SELENOO,PREPL,7
ZNF273,PREPL,8
BAIAP3,PREPL,6
CFB,PREPL,8
COL15A1,PREPL,8
FHAD1,PREPL,7
HEATR1,PREPL,7
OR10G9,PREPL,8
DNAAF1,PREPL,7
DNAH17,PREPL,8
DNAH3,PREPL,7
NBEA,PREPL,2
SIGLEC12,PREPL,8
ZC3H3,PREPL,6
ACOT2,PREPL,6
CDH3,PREPL,8
FAAP100,PREPL,7
FCGBP,PREPL,7
PPFIBP2,PREPL,7
RPTN,PREPL,8
ALG14,PREPL,7
ALG2,PREPL,7
CHAT,PREPL,7
CHRNA1,PREPL,7
CHRNB1,PREPL,7
CHRNE,PREPL,7
COL13A1,PREPL,8
COLQ,PREPL,6
DOK7,PREPL,6
DPAGT1,PREPL,7
GMPPB,PREPL,7
LAMA5,PREPL,8
LAMB2,PREPL,8
LRP4,PREPL,8
MYO9A,PREPL,8
PLEC,PREPL,8
RAPSN,PREPL,5
RPH3A,PREPL,6
SCN4A,PREPL,7
SLC18A3,PREPL,7
SLC25A1,PREPL,7
SLC5A7,PREPL,8
SYT2,PREPL,8
UNC13B,PREPL,6
VAMP1,PREPL,6
USH2A,PREPL,8
TPCN2,PREPL,8
AKNAD1,PREPL,7
CLCNKB,PREPL,8
CASP12,PREPL,7
DEFB115,PREPL,8
ATAD3C,PREPL,7
KRT79,RAPSN,8
MICALL2,RAPSN,6
NPHP3,RAPSN,8
DNAH7,RAPSN,8
FHOD3,RAPSN,8
LEFTY2,RAPSN,6
NCKAP5L,RAPSN,8
PRRT3,RAPSN,6
TOR2A,RAPSN,7
CASP5,RAPSN,8
DMXL2,RAPSN,2
KIAA1109,RAPSN,7
LILRA1,RAPSN,6
LOXL3,RAPSN,6
NAT8B,RAPSN,8
UNC13C,RAPSN,2
ZP4,RAPSN,6
ABCB5,RAPSN,8
AMPD1,RAPSN,8
ATP6V0A4,RAPSN,8
CFHR5,RAPSN,7
LBP,RAPSN,6
OTOP1,RAPSN,8
PLB1,RAPSN,8
SLC28A1,RAPSN,7
SLC44A4,RAPSN,8
TNXB,RAPSN,6
VWA5B2,RAPSN,5
ZNF778,RAPSN,8
CDH23,RAPSN,6
CES5A,RAPSN,8
CHGB,RAPSN,6
FGL1,RAPSN,8
MCM8,RAPSN,8
MYH15,RAPSN,7
SELENOO,RAPSN,8
ZNF273,RAPSN,8
BAIAP3,RAPSN,2
FHAD1,RAPSN,8
HEATR1,RAPSN,8
OR10G9,RAPSN,8
DNAAF1,RAPSN,8
DNAH17,RAPSN,6
DNAH3,RAPSN,8
ZC3H3,RAPSN,8
ACOT2,RAPSN,8
CDH3,RAPSN,6
FAAP100,RAPSN,8
FCGBP,RAPSN,8
PPFIBP2,RAPSN,4
RPTN,RAPSN,8
ALG14,RAPSN,8
ALG2,RAPSN,8
CHRNA1,RAPSN,6
CHRNB1,RAPSN,6
CHRNE,RAPSN,6
COL13A1,RAPSN,6
COLQ,RAPSN,6
DOK7,RAPSN,1
DPAGT1,RAPSN,8
GMPPB,RAPSN,8
LAMB2,RAPSN,6
LRP4,RAPSN,6
MYO9A,RAPSN,6
RPH3A,RAPSN,2
SCN4A,RAPSN,5
SLC18A3,RAPSN,6
SLC25A1,RAPSN,8
SLC5A7,RAPSN,7
SYT2,RAPSN,5
UNC13B,RAPSN,2
TPCN2,RAPSN,7
AKNAD1,RAPSN,4
CLCNKB,RAPSN,7
CASP12,RAPSN,8
DEFB115,RAPSN,7
ATAD3C,RAPSN,8
MICALL2,RPH3A,5
NPHP3,RPH3A,8
NCKAP5L,RPH3A,8
PRRT3,RPH3A,6
TOR2A,RPH3A,7
DMXL2,RPH3A,1
LILRA1,RPH3A,6
NAT8B,RPH3A,8
UNC13C,RPH3A,1
ZP4,RPH3A,6
ABCB5,RPH3A,8
AMPD1,RPH3A,8
ATP6V0A4,RPH3A,8
CFHR5,RPH3A,7
OTOP1,RPH3A,8
PLB1,RPH3A,8
SLC28A1,RPH3A,7
SLC44A4,RPH3A,8
VWA5B2,RPH3A,4
ZNF778,RPH3A,8
CDH23,RPH3A,6
CES5A,RPH3A,8
MYH15,RPH3A,7
SELENOO,RPH3A,8
ZNF273,RPH3A,8
BAIAP3,RPH3A,1
FHAD1,RPH3A,8
OR10G9,RPH3A,8
DNAAF1,RPH3A,8
DNAH17,RPH3A,6
DNAH3,RPH3A,8
ZC3H3,RPH3A,8
ACOT2,RPH3A,8
FCGBP,RPH3A,8
RPTN,RPH3A,8
ALG14,RPH3A,8
CHRNA1,RPH3A,7
CHRNE,RPH3A,7
COL13A1,RPH3A,6
COLQ,RPH3A,7
DPAGT1,RPH3A,8
LRP4,RPH3A,6
SCN4A,RPH3A,5
SLC18A3,RPH3A,5
SLC25A1,RPH3A,8
SLC5A7,RPH3A,7
UNC13B,RPH3A,1
TPCN2,RPH3A,7
AKNAD1,RPH3A,3
CLCNKB,RPH3A,7
CASP12,RPH3A,8
DEFB115,RPH3A,7
ATAD3C,RPH3A,8
MICALL2,SCN4A,7
PRRT3,SCN4A,7
NAT8B,SCN4A,8
ZP4,SCN4A,7
ABCB5,SCN4A,8
OTOP1,SCN4A,8
SLC44A4,SCN4A,8
VWA5B2,SCN4A,6
ZNF778,SCN4A,8
CDH23,SCN4A,7
CES5A,SCN4A,8
ZNF273,SCN4A,8
FHAD1,SCN4A,8
DNAH17,SCN4A,7
DNAH3,SCN4A,8
ACOT2,SCN4A,8
ALG14,SCN4A,8
COL13A1,SCN4A,7
COLQ,SCN4A,7
LRP4,SCN4A,7
SLC18A3,SCN4A,7
SLC5A7,SCN4A,6
AKNAD1,SCN4A,5
DEFB115,SCN4A,7
PRRT3,SLC18A3,7
SLC44A4,SLC18A3,7
CES5A,SLC18A3,7
DEFB115,SLC18A3,8
MICALL2,SLC25A1,8
NPHP3,SLC25A1,7
PRRT3,SLC25A1,3
TOR2A,SLC25A1,7
DMXL2,SLC25A1,8
LILRA1,SLC25A1,8
NAT8B,SLC25A1,7
ZP4,SLC25A1,8
ABCB5,SLC25A1,7
AMPD1,SLC25A1,7
ATP6V0A4,SLC25A1,7
CFHR5,SLC25A1,8
OTOP1,SLC25A1,7
PLB1,SLC25A1,7
SLC28A1,SLC25A1,3
SLC44A4,SLC25A1,7
VWA5B2,SLC25A1,8
ZNF778,SLC25A1,8
CDH23,SLC25A1,8
CES5A,SLC25A1,7
MYH15,SLC25A1,8
SELENOO,SLC25A1,6
ZNF273,SLC25A1,8
BAIAP3,SLC25A1,8
FHAD1,SLC25A1,6
OR10G9,SLC25A1,8
DNAH17,SLC25A1,8
DNAH3,SLC25A1,7
ACOT2,SLC25A1,7
FCGBP,SLC25A1,7
RPTN,SLC25A1,8
ALG14,SLC25A1,6
CHRNA1,SLC25A1,8
CHRNE,SLC25A1,8
COL13A1,SLC25A1,8
COLQ,SLC25A1,8
DPAGT1,SLC25A1,6
LRP4,SLC25A1,8
SCN4A,SLC25A1,8
SLC18A3,SLC25A1,7
SLC5A7,SLC25A1,3
TPCN2,SLC25A1,8
AKNAD1,SLC25A1,8
CLCNKB,SLC25A1,8
CASP12,SLC25A1,7
DEFB115,SLC25A1,8
ATAD3C,SLC25A1,6
MICALL2,SLC5A7,7
PRRT3,SLC5A7,1
NAT8B,SLC5A7,8
ZP4,SLC5A7,7
ABCB5,SLC5A7,8
OTOP1,SLC5A7,8
SLC44A4,SLC5A7,8
VWA5B2,SLC5A7,7
ZNF778,SLC5A7,8
CDH23,SLC5A7,7
CES5A,SLC5A7,8
ZNF273,SLC5A7,8
FHAD1,SLC5A7,8
DNAH17,SLC5A7,7
DNAH3,SLC5A7,8
ACOT2,SLC5A7,8
ALG14,SLC5A7,8
COL13A1,SLC5A7,7
LRP4,SLC5A7,7
SLC18A3,SLC5A7,8
AKNAD1,SLC5A7,7
DEFB115,SLC5A7,7
KRT79,SYT2,8
MICALL2,SYT2,5
NPHP3,SYT2,8
DNAH7,SYT2,8
FHOD3,SYT2,8
LEFTY2,SYT2,6
NCKAP5L,SYT2,8
PRRT3,SYT2,6
TOR2A,SYT2,5
CASP5,SYT2,8
DMXL2,SYT2,4
KIAA1109,SYT2,8
LILRA1,SYT2,6
NAT8B,SYT2,8
UNC13C,SYT2,4
ZP4,SYT2,6
ABCB5,SYT2,8
AMPD1,SYT2,8
ATP6V0A4,SYT2,8
CFHR5,SYT2,7
LBP,SYT2,6
OTOP1,SYT2,8
PLB1,SYT2,8
SLC28A1,SYT2,7
SLC44A4,SYT2,8
TNXB,SYT2,6
VWA5B2,SYT2,0
ZNF778,SYT2,8
CDH23,SYT2,6
CES5A,SYT2,8
CHGB,SYT2,6
FGL1,SYT2,8
MCM8,SYT2,8
MYH15,SYT2,7
SELENOO,SYT2,8
ZNF273,SYT2,8
BAIAP3,SYT2,4
FHAD1,SYT2,8
HEATR1,SYT2,8
OR10G9,SYT2,8
DNAAF1,SYT2,8
DNAH17,SYT2,5
DNAH3,SYT2,8
ZC3H3,SYT2,8
ACOT2,SYT2,8
CDH3,SYT2,6
FAAP100,SYT2,8
FCGBP,SYT2,8
PPFIBP2,SYT2,6
RPTN,SYT2,8
ALG14,SYT2,8
ALG2,SYT2,8
CHRNA1,SYT2,7
CHRNB1,SYT2,7
CHRNE,SYT2,7
COL13A1,SYT2,6
COLQ,SYT2,7
DOK7,SYT2,4
DPAGT1,SYT2,8
GMPPB,SYT2,8
LAMB2,SYT2,6
LRP4,SYT2,6
MYO9A,SYT2,5
RPH3A,SYT2,4
SCN4A,SYT2,6
SLC18A3,SYT2,1
SLC25A1,SYT2,8
SLC5A7,SYT2,7
UNC13B,SYT2,4
TPCN2,SYT2,7
AKNAD1,SYT2,5
CLCNKB,SYT2,7
CASP12,SYT2,8
DEFB115,SYT2,7
ATAD3C,SYT2,8
MICALL2,UNC13B,5
NPHP3,UNC13B,8
PRRT3,UNC13B,6
TOR2A,UNC13B,7
DMXL2,UNC13B,0
LILRA1,UNC13B,6
NAT8B,UNC13B,8
UNC13C,UNC13B,0
ZP4,UNC13B,6
ABCB5,UNC13B,8
AMPD1,UNC13B,8
ATP6V0A4,UNC13B,8
CFHR5,UNC13B,7
OTOP1,UNC13B,8
PLB1,UNC13B,8
SLC28A1,UNC13B,7
SLC44A4,UNC13B,8
VWA5B2,UNC13B,4
ZNF778,UNC13B,8
CDH23,UNC13B,6
CES5A,UNC13B,8
MYH15,UNC13B,7
SELENOO,UNC13B,8
ZNF273,UNC13B,8
BAIAP3,UNC13B,0
FHAD1,UNC13B,8
OR10G9,UNC13B,8
DNAH17,UNC13B,6
DNAH3,UNC13B,8
ZC3H3,UNC13B,8
ACOT2,UNC13B,8
FCGBP,UNC13B,8
RPTN,UNC13B,8
ALG14,UNC13B,8
CHRNA1,UNC13B,7
CHRNE,UNC13B,7
COL13A1,UNC13B,6
COLQ,UNC13B,7
DPAGT1,UNC13B,8
LRP4,UNC13B,6
SCN4A,UNC13B,5
SLC18A3,UNC13B,5
SLC25A1,UNC13B,8
SLC5A7,UNC13B,7
TPCN2,UNC13B,7
AKNAD1,UNC13B,3
CLCNKB,UNC13B,7
CASP12,UNC13B,8
DEFB115,UNC13B,7
ATAD3C,UNC13B,8
KRT79,VAMP1,8
MICALL2,VAMP1,5
NPHP3,VAMP1,8
RP1,VAMP1,5
DNAH7,VAMP1,8
FHOD3,VAMP1,8
LEFTY2,VAMP1,6
NCKAP5L,VAMP1,8
PRRT3,VAMP1,6
TOR2A,VAMP1,7
CASP5,VAMP1,8
DMXL2,VAMP1,1
KIAA1109,VAMP1,7
LILRA1,VAMP1,6
LOXL3,VAMP1,6
LRP2,VAMP1,4
NAT8B,VAMP1,8
UNC13C,VAMP1,1
ZP4,VAMP1,6
ABCB5,VAMP1,8
AMPD1,VAMP1,8
ATP6V0A4,VAMP1,8
CFHR5,VAMP1,7
LBP,VAMP1,6
OTOP1,VAMP1,8
PLB1,VAMP1,8
SLC28A1,VAMP1,7
SLC44A4,VAMP1,8
SPTBN5,VAMP1,5
TNXB,VAMP1,6
VWA5B2,VAMP1,4
ZNF778,VAMP1,8
ANKRD12,VAMP1,8
CDH23,VAMP1,6
CES5A,VAMP1,8
CHGB,VAMP1,6
FGL1,VAMP1,8
MCM8,VAMP1,8
MYH15,VAMP1,7
SELENOO,VAMP1,8
ZNF273,VAMP1,8
BAIAP3,VAMP1,1
CFB,VAMP1,6
COL15A1,VAMP1,6
FHAD1,VAMP1,8
HEATR1,VAMP1,8
OR10G9,VAMP1,8
DNAAF1,VAMP1,8
DNAH17,VAMP1,6
DNAH3,VAMP1,8
NBEA,VAMP1,5
SIGLEC12,VAMP1,6
ZC3H3,VAMP1,8
ACOT2,VAMP1,8
CDH3,VAMP1,6
FAAP100,VAMP1,8
FCGBP,VAMP1,8
PPFIBP2,VAMP1,4
RPTN,VAMP1,8
ALG14,VAMP1,8
ALG2,VAMP1,8
CHAT,VAMP1,8
CHRNA1,VAMP1,7
CHRNB1,VAMP1,7
CHRNE,VAMP1,7
COL13A1,VAMP1,6
COLQ,VAMP1,7
DOK7,VAMP1,1
DPAGT1,VAMP1,8
GMPPB,VAMP1,8
LAMA5,VAMP1,6
LAMB2,VAMP1,6
LRP4,VAMP1,6
MYO9A,VAMP1,5
PLEC,VAMP1,6
RAPSN,VAMP1,2
RPH3A,VAMP1,1
SCN4A,VAMP1,5
SLC18A3,VAMP1,5
SLC25A1,VAMP1,8
SLC5A7,VAMP1,7
SYT2,VAMP1,4
UNC13B,VAMP1,1
TPCN2,VAMP1,7
AKNAD1,VAMP1,3
CLCNKB,VAMP1,7
CASP12,VAMP1,8
DEFB115,VAMP1,7
ATAD3C,VAMP1,8
KRT79,USH2A,8
MICALL2,USH2A,6
NPHP3,USH2A,8
RP1,USH2A,6
DNAH7,USH2A,8
FHOD3,USH2A,8
LEFTY2,USH2A,1
NCKAP5L,USH2A,8
PRRT3,USH2A,6
TOR2A,USH2A,8
CASP5,USH2A,8
DMXL2,USH2A,6
KIAA1109,USH2A,8
LILRA1,USH2A,4
LOXL3,USH2A,0
LRP2,USH2A,6
NAT8B,USH2A,8
UNC13C,USH2A,6
ZP4,USH2A,2
ABCB5,USH2A,8
AMPD1,USH2A,8
ATP6V0A4,USH2A,8
CFHR5,USH2A,5
LBP,USH2A,4
OTOP1,USH2A,8
PLB1,USH2A,8
RPL3L,USH2A,8
SLC28A1,USH2A,7
SLC44A4,USH2A,8
SPTBN5,USH2A,6
TNXB,USH2A,0
VWA5B2,USH2A,6
ZNF778,USH2A,8
ANKRD12,USH2A,8
CDH23,USH2A,4
CES5A,USH2A,8
CHGB,USH2A,0
FGL1,USH2A,3
MCM8,USH2A,8
MYH15,USH2A,7
SELENOO,USH2A,8
ZNF273,USH2A,8
BAIAP3,USH2A,6
CFB,USH2A,4
COL15A1,USH2A,0
FHAD1,USH2A,8
HEATR1,USH2A,8
OR10G9,USH2A,8
DNAAF1,USH2A,8
DNAH17,USH2A,5
DNAH3,USH2A,8
NBEA,USH2A,8
SIGLEC12,USH2A,4
ZC3H3,USH2A,8
ACOT2,USH2A,8
CDH3,USH2A,4
FAAP100,USH2A,8
FCGBP,USH2A,8
PPFIBP2,USH2A,5
RPTN,USH2A,8
ALG14,USH2A,8
ALG2,USH2A,8
CHAT,USH2A,8
CHRNA1,USH2A,7
CHRNB1,USH2A,7
CHRNE,USH2A,7
COL13A1,USH2A,0
COLQ,USH2A,2
DOK7,USH2A,6
DPAGT1,USH2A,8
GMPPB,USH2A,8
LAMA5,USH2A,0
LAMB2,USH2A,0
LRP4,USH2A,0
MYO9A,USH2A,6
PLEC,USH2A,0
RAPSN,USH2A,6
RPH3A,USH2A,6
SCN4A,USH2A,7
SLC18A3,USH2A,7
SLC25A1,USH2A,8
SLC5A7,USH2A,7
SYT2,USH2A,6
UNC13B,USH2A,6
VAMP1,USH2A,6
TPCN2,USH2A,7
AKNAD1,USH2A,7
CLCNKB,USH2A,7
CASP12,USH2A,8
DEFB115,USH2A,7
ATAD3C,USH2A,8
KRT79,UBE2D1,8
MICALL2,UBE2D1,8
NPHP3,UBE2D1,7
RP1,UBE2D1,4
DNAH7,UBE2D1,6
FHOD3,UBE2D1,4
LEFTY2,UBE2D1,8
NCKAP5L,UBE2D1,6
NOTCH4,UBE2D1,8
PRRT3,UBE2D1,8
PTPN14,UBE2D1,8
TOR2A,UBE2D1,7
C1orf94,UBE2D1,7
CASP5,UBE2D1,5
DMXL2,UBE2D1,8
KIAA1109,UBE2D1,5
LILRA1,UBE2D1,8
LOXL3,UBE2D1,8
LRP2,UBE2D1,8
NAT8B,UBE2D1,6
UNC13C,UBE2D1,8
ZP4,UBE2D1,8
ABCB5,UBE2D1,3
AMPD1,UBE2D1,7
ATP6V0A4,UBE2D1,7
CFHR5,UBE2D1,8
LBP,UBE2D1,8
OTOP1,UBE2D1,7
PLB1,UBE2D1,7
RPL3L,UBE2D1,7
SLC28A1,UBE2D1,8
SLC44A4,UBE2D1,7
SPTBN5,UBE2D1,8
TNXB,UBE2D1,8
VWA5B2,UBE2D1,8
ZNF778,UBE2D1,8
ANKRD12,UBE2D1,5
CDH23,UBE2D1,8
CES5A,UBE2D1,7
CHGB,UBE2D1,8
FGL1,UBE2D1,7
MCM8,UBE2D1,6
MYH15,UBE2D1,8
SELENOO,UBE2D1,6
ZNF273,UBE2D1,8
BAIAP3,UBE2D1,8
CFB,UBE2D1,8
COL15A1,UBE2D1,8
FHAD1,UBE2D1,7
HEATR1,UBE2D1,7
LAMA2,UBE2D1,8
OR10G9,UBE2D1,8
DNAAF1,UBE2D1,6
DNAH17,UBE2D1,8
DNAH3,UBE2D1,7
NBEA,UBE2D1,7
SIGLEC12,UBE2D1,8
WDSUB1,UBE2D1,0
ZC3H3,UBE2D1,7
ACOT2,UBE2D1,7
CDH3,UBE2D1,8
FAAP100,UBE2D1,6
FCGBP,UBE2D1,6
PPFIBP2,UBE2D1,8
RPTN,UBE2D1,8
USP8,UBE2D1,5
ALG14,UBE2D1,7
ALG2,UBE2D1,7
CHAT,UBE2D1,7
CHRNA1,UBE2D1,8
CHRNB1,UBE2D1,8
CHRNE,UBE2D1,8
CHRNG,UBE2D1,8
COL13A1,UBE2D1,8
COLQ,UBE2D1,8
DOK7,UBE2D1,8
DPAGT1,UBE2D1,7
GFPT1,UBE2D1,7
GMPPB,UBE2D1,7
LAMA5,UBE2D1,8
LAMB2,UBE2D1,8
LRP4,UBE2D1,8
MYO9A,UBE2D1,8
PLEC,UBE2D1,8
PREPL,UBE2D1,7
RAPSN,UBE2D1,8
RPH3A,UBE2D1,8
SCN4A,UBE2D1,8
SLC18A3,UBE2D1,7
SLC25A1,UBE2D1,7
SLC5A7,UBE2D1,8
SYT2,UBE2D1,8
UNC13B,UBE2D1,8
VAMP1,UBE2D1,8
USH2A,UBE2D1,8
ATAD3B,UBE2D1,8
TPCN2,UBE2D1,8
AKNAD1,UBE2D1,8
CLCNKB,UBE2D1,8
CASP12,UBE2D1,5
PSG5,UBE2D1,8
DEFB115,UBE2D1,8
ATAD3C,UBE2D1,7
KRT79,ATAD3B,8
MICALL2,ATAD3B,6
NPHP3,ATAD3B,8
RP1,ATAD3B,6
DNAH7,ATAD3B,8
FHOD3,ATAD3B,8
LEFTY2,ATAD3B,6
NCKAP5L,ATAD3B,8
PRRT3,ATAD3B,6
TOR2A,ATAD3B,8
CASP5,ATAD3B,8
DMXL2,ATAD3B,6
KIAA1109,ATAD3B,8
LILRA1,ATAD3B,3
LOXL3,ATAD3B,6
LRP2,ATAD3B,6
NAT8B,ATAD3B,8
UNC13C,ATAD3B,6
ZP4,ATAD3B,6
ABCB5,ATAD3B,8
AMPD1,ATAD3B,8
ATP6V0A4,ATAD3B,8
CFHR5,ATAD3B,5
LBP,ATAD3B,6
OTOP1,ATAD3B,8
PLB1,ATAD3B,8
RPL3L,ATAD3B,8
SLC28A1,ATAD3B,7
SLC44A4,ATAD3B,8
SPTBN5,ATAD3B,6
TNXB,ATAD3B,6
VWA5B2,ATAD3B,6
ZNF778,ATAD3B,8
ANKRD12,ATAD3B,8
CDH23,ATAD3B,6
CES5A,ATAD3B,8
CHGB,ATAD3B,6
FGL1,ATAD3B,8
MCM8,ATAD3B,8
MYH15,ATAD3B,7
SELENOO,ATAD3B,8
ZNF273,ATAD3B,8
BAIAP3,ATAD3B,6
CFB,ATAD3B,3
COL15A1,ATAD3B,6
FHAD1,ATAD3B,8
HEATR1,ATAD3B,8
LAMA2,ATAD3B,6
OR10G9,ATAD3B,8
DNAAF1,ATAD3B,8
DNAH17,ATAD3B,6
DNAH3,ATAD3B,8
NBEA,ATAD3B,8
SIGLEC12,ATAD3B,3
WDSUB1,ATAD3B,8
ZC3H3,ATAD3B,8
ACOT2,ATAD3B,8
CDH3,ATAD3B,6
FAAP100,ATAD3B,8
FCGBP,ATAD3B,8
PPFIBP2,ATAD3B,6
RPTN,ATAD3B,8
USP8,ATAD3B,8
ALG14,ATAD3B,8
ALG2,ATAD3B,8
CHAT,ATAD3B,8
CHRNA1,ATAD3B,7
CHRNB1,ATAD3B,7
CHRNE,ATAD3B,7
COL13A1,ATAD3B,6
COLQ,ATAD3B,7
DOK7,ATAD3B,6
DPAGT1,ATAD3B,8
GMPPB,ATAD3B,8
LAMA5,ATAD3B,6
LAMB2,ATAD3B,6
LRP4,ATAD3B,6
MYO9A,ATAD3B,6
PLEC,ATAD3B,6
PREPL,ATAD3B,8
RAPSN,ATAD3B,6
RPH3A,ATAD3B,6
SCN4A,ATAD3B,7
SLC18A3,ATAD3B,7
SLC25A1,ATAD3B,8
SLC5A7,ATAD3B,7
SYT2,ATAD3B,6
UNC13B,ATAD3B,6
VAMP1,ATAD3B,6
USH2A,ATAD3B,6
TPCN2,ATAD3B,7
AKNAD1,ATAD3B,7
CLCNKB,ATAD3B,7
CASP12,ATAD3B,8
PSG5,ATAD3B,6
DEFB115,ATAD3B,7
ATAD3C,ATAD3B,8
MICALL2,TPCN2,7
NPHP3,TPCN2,8
PRRT3,TPCN2,7
NAT8B,TPCN2,8
ZP4,TPCN2,7
ABCB5,TPCN2,8
OTOP1,TPCN2,8
SLC44A4,TPCN2,8
VWA5B2,TPCN2,7
ZNF778,TPCN2,8
CDH23,TPCN2,7
CES5A,TPCN2,8
ZNF273,TPCN2,8
FHAD1,TPCN2,8
DNAH17,TPCN2,7
DNAH3,TPCN2,8
ACOT2,TPCN2,8
ALG14,TPCN2,8
COL13A1,TPCN2,7
COLQ,TPCN2,7
LRP4,TPCN2,7
SCN4A,TPCN2,5
SLC18A3,TPCN2,8
SLC5A7,TPCN2,6
AKNAD1,TPCN2,7
CASP12,TPCN2,8
DEFB115,TPCN2,7
ATAD3C,TPCN2,8
MICALL2,AKNAD1,6
PRRT3,AKNAD1,7
NAT8B,AKNAD1,8
ZP4,AKNAD1,7
ABCB5,AKNAD1,8
OTOP1,AKNAD1,8
SLC44A4,AKNAD1,8
VWA5B2,AKNAD1,5
ZNF778,AKNAD1,8
CES5A,AKNAD1,8
ZNF273,AKNAD1,8
FHAD1,AKNAD1,8
DNAH17,AKNAD1,7
DNAH3,AKNAD1,7
ACOT2,AKNAD1,8
ALG14,AKNAD1,8
COL13A1,AKNAD1,7
LRP4,AKNAD1,7
SLC18A3,AKNAD1,6
DEFB115,AKNAD1,7
MICALL2,CLCNKB,7
NPHP3,CLCNKB,8
PRRT3,CLCNKB,7
TOR2A,CLCNKB,8
LILRA1,CLCNKB,7
NAT8B,CLCNKB,8
ZP4,CLCNKB,7
ABCB5,CLCNKB,8
ATP6V0A4,CLCNKB,8
OTOP1,CLCNKB,8
PLB1,CLCNKB,8
SLC44A4,CLCNKB,8
VWA5B2,CLCNKB,7
ZNF778,CLCNKB,8
CDH23,CLCNKB,7
CES5A,CLCNKB,8
ZNF273,CLCNKB,8
FHAD1,CLCNKB,8
OR10G9,CLCNKB,8
DNAH17,CLCNKB,7
DNAH3,CLCNKB,8
ACOT2,CLCNKB,8
FCGBP,CLCNKB,8
ALG14,CLCNKB,8
CHRNA1,CLCNKB,6
CHRNE,CLCNKB,6
COL13A1,CLCNKB,7
COLQ,CLCNKB,7
DPAGT1,CLCNKB,8
LRP4,CLCNKB,7
SCN4A,CLCNKB,5
SLC18A3,CLCNKB,8
SLC5A7,CLCNKB,6
TPCN2,CLCNKB,0
AKNAD1,CLCNKB,7
CASP12,CLCNKB,8
DEFB115,CLCNKB,7
ATAD3C,CLCNKB,8
MICALL2,CASP12,8
PRRT3,CASP12,8
NAT8B,CASP12,6
ZP4,CASP12,8
ABCB5,CASP12,5
OTOP1,CASP12,7
SLC44A4,CASP12,7
VWA5B2,CASP12,8
ZNF778,CASP12,8
CDH23,CASP12,8
CES5A,CASP12,7
ZNF273,CASP12,8
FHAD1,CASP12,7
DNAH17,CASP12,8
DNAH3,CASP12,7
ACOT2,CASP12,7
ALG14,CASP12,7
COL13A1,CASP12,8
COLQ,CASP12,8
LRP4,CASP12,8
SCN4A,CASP12,8
SLC18A3,CASP12,7
SLC5A7,CASP12,8
AKNAD1,CASP12,8
DEFB115,CASP12,8
KRT79,PSG5,8
MICALL2,PSG5,6
NPHP3,PSG5,8
RP1,PSG5,6
DNAH7,PSG5,8
FHOD3,PSG5,8
LEFTY2,PSG5,2
NCKAP5L,PSG5,8
PRRT3,PSG5,6
TOR2A,PSG5,8
CASP5,PSG5,8
DMXL2,PSG5,6
KIAA1109,PSG5,8
LILRA1,PSG5,3
LOXL3,PSG5,1
LRP2,PSG5,6
NAT8B,PSG5,8
UNC13C,PSG5,6
ZP4,PSG5,3
ABCB5,PSG5,8
AMPD1,PSG5,8
ATP6V0A4,PSG5,8
CFHR5,PSG5,4
LBP,PSG5,3
OTOP1,PSG5,8
PLB1,PSG5,8
RPL3L,PSG5,8
SLC28A1,PSG5,7
SLC44A4,PSG5,8
SPTBN5,PSG5,6
TNXB,PSG5,1
VWA5B2,PSG5,6
ZNF778,PSG5,8
ANKRD12,PSG5,8
CDH23,PSG5,4
CES5A,PSG5,8
CHGB,PSG5,1
FGL1,PSG5,4
MCM8,PSG5,8
MYH15,PSG5,7
SELENOO,PSG5,8
ZNF273,PSG5,8
BAIAP3,PSG5,6
CFB,PSG5,3
COL15A1,PSG5,1
FHAD1,PSG5,8
HEATR1,PSG5,8
OR10G9,PSG5,8
DNAAF1,PSG5,8
DNAH17,PSG5,5
DNAH3,PSG5,8
NBEA,PSG5,8
SIGLEC12,PSG5,3
ZC3H3,PSG5,8
ACOT2,PSG5,8
CDH3,PSG5,4
FAAP100,PSG5,8
FCGBP,PSG5,8
PPFIBP2,PSG5,5
RPTN,PSG5,8
ALG14,PSG5,8
ALG2,PSG5,8
CHAT,PSG5,8
CHRNA1,PSG5,7
CHRNB1,PSG5,7
CHRNE,PSG5,7
COL13A1,PSG5,1
COLQ,PSG5,3
DOK7,PSG5,6
DPAGT1,PSG5,8
GMPPB,PSG5,8
LAMA5,PSG5,1
LAMB2,PSG5,1
LRP4,PSG5,1
MYO9A,PSG5,6
PLEC,PSG5,1
PREPL,PSG5,8
RAPSN,PSG5,6
RPH3A,PSG5,6
SCN4A,PSG5,7
SLC18A3,PSG5,7
SLC25A1,PSG5,8
SLC5A7,PSG5,7
SYT2,PSG5,6
UNC13B,PSG5,6
VAMP1,PSG5,6
USH2A,PSG5,1
TPCN2,PSG5,7
AKNAD1,PSG5,7
CLCNKB,PSG5,7
CASP12,PSG5,8
DEFB115,PSG5,7
ATAD3C,PSG5,8
MICALL2,ATAD3C,8
NPHP3,ATAD3C,7
PRRT3,ATAD3C,8
NAT8B,ATAD3C,7
ZP4,ATAD3C,8
ABCB5,ATAD3C,7
OTOP1,ATAD3C,7
SLC44A4,ATAD3C,7
VWA5B2,ATAD3C,8
ZNF778,ATAD3C,8
CDH23,ATAD3C,8
CES5A,ATAD3C,7
ZNF273,ATAD3C,8
FHAD1,ATAD3C,5
DNAH17,ATAD3C,8
DNAH3,ATAD3C,7
ACOT2,ATAD3C,7
ALG14,ATAD3C,5
COL13A1,ATAD3C,8
COLQ,ATAD3C,8
LRP4,ATAD3C,8
SCN4A,ATAD3C,8
SLC18A3,ATAD3C,7
SLC5A7,ATAD3C,8
AKNAD1,ATAD3C,8
CASP12,ATAD3C,7
DEFB115,ATAD3C,8
